Tweet of the development set,True class,Predicted class with word-based,Predicted class BPE
Uche Chukwu ga emÃ©... regardless . #NigeriaDecides[NUM],positive,positive,positive
@user Anuri ubochi ncheta omumu gi. Mazi Zebrudaya,positive,positive,positive
@user Daalu nwanne. Oseburuwa goziere m gi..,positive,positive,positive
@user @user @user @user @user @user @user @user @user @user Eze udene [NUM]ğŸ™ğŸ™ğŸ™ğŸ™ Chukwu gizie gá»‹.,positive,positive,positive
@user Ka Jehovah Nara mgburu obi gi,positive,positive,positive
Hello @user Good Afternoon. E ka san. Ehihie oma.,positive,positive,positive
"Na ndu ebebe, Amem. [URL]",positive,positive,positive
"Amen, Nwanne di na Mba! [URL]",positive,positive,positive
ğŸµ#NP: Ogologo Ndu - @user #WaffiMaras w @user,positive,positive,positive
"Imara mma eehh. #nobodyugly!! Okwa ego na akpali mmadu baby, o kwanu ka o di oh",positive,negative,negative
Nwa oma osiso @user Love ğŸ’™ğŸ’™ğŸ’™ğŸ’™ğŸ’™ğŸ’™ğŸ’™ğŸ’™ğŸ’™ğŸ’™ğŸ’™ @user Mbieri Mbaitoli Imo State [URL],positive,positive,positive
@user @user Imela... Chineke gozie gi,positive,positive,positive
@user Eziokwu!! Ihe nke a dim mma nná»á» ğŸ™‚,positive,positive,positive
Dike di na mba [URL],positive,positive,positive
"Everyday, I thank God I was born into the Igbo tribe. Ã‰chichÃ¨ ahá»¥ n'enye anwuli nÃ¡ Ã³bá»‹",positive,positive,positive
@user ğŸ˜‚ ğŸ˜‚ ğŸ˜‚ Asa na eri á»¥kwá»¥ aná»¥. Nke a ga adá»‹kwa ná»¥ gá»‹ mma.,positive,positive,negative
"@user ğŸ˜­ğŸ˜­ğŸ˜­ğŸ˜­ Olisa bi na Ã¬gwÃ¨, á»kwa á»‹ na afá»¥",positive,positive,negative
@user Ada Ada. Dalá»¥ nwanyá»‹ oma.,positive,positive,positive
Chukwu gozie unu Nile Nye unu ogologo ndu na ahu siri Ike na afo ohuru a,positive,positive,positive
"@user @user @user @user @user @user @user @user As you Dey Kpo, your liver Dey kpo kpo di kpo kpo kpo di kpo kpo di kpo",positive,positive,negative
@user Just like Buhari abi? Jisie ná»¥ ike!,positive,positive,positive
"@user Happy birthday Amy, ogologo ndu na ahu ike n'aha Jisus Kraist bu Onye nwe anyi Amen",positive,positive,positive
Onyem Chukwu goziwerem gi [URL],positive,positive,positive
Umu oma umu aka dot igbo amaka,positive,positive,positive
Happy birthday odogwu @user ... Chukwu gozie gi!! ğŸ‘ŠğŸ¼ğŸ‘ŠğŸ¼,positive,positive,positive
@user @user á»Œ ma ezigbo akwá»¥kwá».,positive,negative,negative
@user Mena onye nkem,positive,positive,positive
"Zaddy! Akpa mgbo! Tu Tu Ga Ga!! Nwoke di slim mana amu long like river Nile ğŸ™ŒğŸ™Œ Nwanne, you're very very good! [URL]",positive,positive,positive
@user @user Congratulations bá»¥ congratulations maá»bá»¥ ekele nke aá¹…á»¥rá»‹,positive,positive,positive
@user nne kedu ...nice job ..,positive,negative,negative
Nnukwu mmanwu for that matter. ğŸ˜‚ğŸ˜‚ğŸ˜‚ğŸ˜‚ğŸ˜‚ğŸ˜‚ğŸ˜‚ [URL],positive,positive,negative
@user Chukwu AGOZiGO Gi!!!! (AUDIO) [URL],positive,positive,positive
Rá»putara onwe unu Chukwu Nna Onye unu ga n'efe Má»¥ na ezi na á»¥lá» má»¥ oh Anyá»‹ ga efe Chukwu Okaka ke bi n'igwe Mmalite n'á»bá»¥ Gi Alpha na Omega Nani gá»‹ ka anyá»‹ ga efe ğŸ’ƒğŸ½ğŸ’ƒğŸ½ğŸ’ƒğŸ½ğŸ’ƒğŸ½ [URL],positive,positive,positive
"Olisa bi n'igwe ma ogodo ya ana akwu n'ani, Otito diri aha nso gi!",positive,positive,positive
Nma nma! Nma Jesus onye ebere #GoodMorningEnugu #GoodMorningEnugu[NUM] @user @user,positive,positive,positive
@user Kedu Chinemerem nwa oma,positive,positive,positive
"@user happy birthday onye m, Chukwu nna Gozie gi nke ukwu, ogologo ndu n'aru nsi Ike.",positive,positive,positive
Udo chia na ndu unu. [URL],positive,positive,positive
@user @user Iseeeeeeeee. Daalu shinne ezigbo nwa nnem,positive,positive,positive
"ğŸ¶ Iyo-gogo Iyo-gogo K'anyi je na nke bishopu na ego adigo. ğŸ¶ Peter and Paul, Welcome back.",positive,positive,positive
@user @user Chukwu gá»zie gá»‹ nna m [URL],positive,positive,positive
@user @user @user @user @user @user @user @user @user @user @user á»Œkwa Ada dá»‹ mma kÃ  á»bá»¥,positive,positive,negative
Maka o di Mma Ndigbo #PlanToAttend [URL],positive,positive,positive
@user Ezigbo mmadu. Chukwuokike gozie gi,positive,positive,positive
@user @user thanks ndi nkem,positive,positive,positive
"I for don lose my thing oh Ngozi elutego gi aka """"""""""""""""Onyeoma"""""""""""""""" O ga erutakwa mu aka m """"""""""""""""Onyeoma"""""""""""""""" I gaâ€¦ â™© â™ª #HolyhillWorship",positive,positive,positive
Happy birthday @user Oparaukwu ndi Ngwa. Ndi Opara ehila obena. Wishing you the best Dede. â™¥ï¸ğŸ–¤ [URL],positive,positive,positive
"@user Nwanyi oma, nne, obi di ya.",positive,positive,positive
@user Ezigbote obi á»¥tá» ka m nwere gbuo. Ndá»‹ Liverpool ga n'ebe akwa ğŸ˜‚ğŸ˜‚ğŸ˜‚,positive,negative,negative
"@user Jehova nke á»¥sá»¥á»¥ nile nke ndá»‹ agha, á»kwa ina aá¹…á»¥ ife nwoke omata na agwa mğŸ˜­ğŸ˜­ğŸ˜­",positive,positive,positive
@user @user @user @user @user Nwanne okwu gi kwu oto ka Candle [NUM] naira.. Onye etoro nâ€™ otu nkwo etoro nâ€™ otu nkwo ejighi igbo agwa ya onye ocha..,positive,negative,negative
@user Onye ma Uche ğŸ‘ŒğŸ½ğŸ˜Œ,positive,positive,positive
"Happy birthday. Daddy ndi onyuu. Vhukwu gbaa GI ume, ma gozie GI mmaji puru mmaji [URL]",positive,positive,positive
@user Anyi asala chi. Ekele diri Chukwu. Anuri onwa ohuru Nnaa. Ka onwa a mitara anyi ezi mkpuru. iseeeeeeeee,positive,positive,positive
@user Obi aÅˆá»¥lá»‹ jupá»¥tara na ihe nnenne a. Ya gazie,positive,positive,positive
@user Adim mma Kedu ka imere???,positive,positive,positive
Umu oma m ğŸ˜ğŸ˜ğŸ˜ Umu Chukwu ji gozie m ğŸ˜ğŸ˜ Dressed up for their school cultural day Fusion of Ataniâ€¦ [URL],positive,positive,positive
Ife di mma - Umu ObiligboğŸ¶,positive,positive,positive
Good job! Jee nke oma! [URL],positive,positive,positive
á»Œ na kpá»¥rá»¥ teta ke n'ebe Chukwu na odiro nfe cha kÃ  ma nÃ¡ á»bá»¥ obi ebere Chukwu nnağŸ™ [URL],positive,positive,positive
"@user Udo di nwanne. Mana onye obula na ekekwa nkwucha, ma murukwa anya ka eke. Uwa wu ofu mbia oooooo. Ka m biakwa.ğŸƒğŸ½ğŸƒğŸ½ğŸƒğŸ½ğŸƒğŸ½",positive,positive,negative
@user @user ğŸ˜‚ğŸ˜‚ğŸ˜‚ Eziokwu bu ndu,positive,positive,negative
"@user @user @user Chizie ga-atacha okpa ahu tata, uche gi dikwa ya",positive,negative,negative
@user With akpu di sharp? ğŸ¤” A choro mu ndi [NUM] naira oh.. O di smalğŸ˜©,positive,negative,negative
Nnukwu oga.... more grace!!!! [URL],positive,positive,positive
e bu chi e'bughi mmadu! @user,positive,positive,negative
Chai... Nna ndo... Ji si ike [URL],positive,negative,positive
A ga m aja Gá»‹ mma (l will praise You) â™«â™« #HolyhillWorship,positive,positive,positive
@user @user @user @user @user @user @user @user @user Ka Chineke mee gi mma Nneoma,positive,positive,positive
@user @user Udo diri gi Bobsi nwoke oma. Mana e soro m na ndi baand wagon Dankwambo. Mana ka anyi na-ile anya sha,positive,positive,positive
Omalimma ne se okwu. Baby na tomato ğŸ… Jos. Nwanyi oma. [URL],positive,positive,positive
@user Chukwu biko! Ejim aha gi ayo gi!ğŸ˜­ğŸ˜­ğŸ˜­ Biko! Achorom ooğŸ™†ğŸ½â€â™€ï¸,positive,positive,negative
@user Ezigbo onye Ogidi ğŸ™Œ,positive,positive,positive
@user ğŸ˜…ğŸ˜… Koro anyi k'obi di anyi nma,positive,positive,positive
"Warm wishes on your birthday nwanne m @user Ka Osebuluwa ji ike nile gozie gi, tata na mgbe nile!",positive,positive,positive
Okpa di oku.....odi very hot [URL],positive,positive,negative
"@user @user @user Daalá»¥, eziokwu ka i kwuru. Onye alá»¥ghá» di, ka bá»¥ nwata. Mgbe á»bá»¥la o jiri lá»¥á» di o bá»¥rá»¥ nwaada maá»bá»¥ nwaá»kpá»¥.",positive,positive,positive
"OtÃº this lady já»‹ akpá»'m Obi.... Obi n'ime ahá»‹a, chá»á» the name ana atá»'m piecesğŸ’—",positive,negative,negative
@user Chai.... Nwanyi oma!,positive,positive,positive
Japanese gozie gi nwanne ğŸ˜ (Auto correct ehn!!) [URL],positive,positive,positive
@user @user á»Š dá»‹ egwu Nwaanyá»‹ á»ma,positive,positive,positive
@user @user @user Chukwu gozie gi onye oma,positive,positive,positive
@user @user Je kwa nke Bu oma. And return safely. Amen.,positive,positive,positive
Kene onye ker'igwe n'uwa Kene onye ker'igwe n'uwa Kene onye ker'igwe n'uwa Kporo y'isi nalağŸ¤ğŸ¤,positive,positive,positive
@user @user Ngwa bá»¥ tá»¥á». Nwoke oma osiso,positive,positive,positive
Chukwu Okike Abiama.....Ndewo! Onye olu ebube ......DALU! ! @user Ugezu J. Ugezu [URL],positive,positive,positive
Kachifuo ndi Nkem.,positive,positive,positive
@user @user Chukwu ekwela ihe ojoo,positive,negative,negative
Asa nwoke.. ezigbo ofe Igbo di Oke. [URL],positive,positive,positive
@user oye ndi igbo ji eme onu.. ğŸ”¥ğŸ”¥ğŸ”¥ğŸ™ŒğŸ™ŒğŸ™Œ [URL],positive,negative,positive
@user @user @user @user @user @user @user @user @user @user @user @user @user @user @user @user @user @user @user Kaâ€™m gba ya final shot now. Nwanyi oma. Mma gi na ewepu ora na anya m. [URL],positive,positive,negative
@user I na eme ofuma. Ji Si Ike. [URL],positive,positive,negative
Ify onye nke'm...ğŸ˜‰ğŸ¤—ğŸ¤— [URL],positive,positive,positive
@user Nwa oma... Daalu so,positive,positive,positive
@user @user Daalá»¥ umunne m.... Jisie ná»¥ ike....,positive,positive,positive
@user Nsogbu adá»‹ro. Dalá»¥ rinne,positive,positive,positive
"Unom di na elugwe mara nma.. unom di na elugwe mara nma, unom di na Thinkers corner na nke di nâ€™igwe ka ya nma e ndi #EndSARS a nnoro ya.",positive,positive,positive
Happy Birthday Gee ğŸ‚ Mfonabasi uwere ke idem Imoh ye inyene nti mkpo edi udeme mfo! Ufa isua emana mfo ami ado akpatre isua nsad ubok Yak emem eduye afo Afofon unÃ¶ fÃ®Ã«n Amen [URL],positive,positive,positive
"A ga m aja Gá»‹ mma (l will praise You) Si na ebighebi, ebighebi ruo na ebighebi (From Everlasting, Everlasting to Everlasting) â™«â™¬#HolyhillWorship",positive,positive,positive
Love this video. Chukwu gozie gi [URL],positive,positive,positive
"@user @user Ada Igbo ji eme onu, oga adiri gi na mma oooh....... Iseeee............ Ka Chineke nye gi ogologo ndu na ahu isi ike..........iseeee.........",positive,positive,positive
@user @user Ahu amaka m nno.. chim di ebube..,positive,positive,positive
@user á»¤tá»¥tá»¥ á»ma nwoke á»ma,positive,positive,positive
@user ğŸ˜ƒğŸ˜ƒ Odinma Nwanyi Oma. Ke kwanu?ğŸ˜œ,positive,positive,positive
"Nara Ekele Nara Otuto Ome Mma Naná»‹ Gá»‹ ka m ga efe A ga m aja Gá»‹ mma Si na ebighebi, ebighebi ruo na ebighebi ([NUM]x) â™«â™« #HolyhillWorship",positive,positive,positive
@user Ella nwaanyá»‹ oma,positive,positive,positive
Daalu... Nna Chukwu gozie gi. [URL],positive,positive,positive
"Happy Birthday Asa'm, Chukwu gozie gi! tvconsulgeneral @user Isolo, Lagos, Nigeria [URL]",positive,positive,positive
@user Dalu nwoke oma marammağŸ¤—,positive,positive,positive
Ututu oma nwunye m huru na anya nke ukwuu â¤ï¸ [URL],positive,positive,positive
Nkwerre Lee! E lohulam. I am back. Ekele na nsopuru diri aha nso gi. Ada Nkwerre kam wu. Nkwerre wu college,positive,positive,positive
ğŸ¤Jehovah idi egwu oh... Jehovah idi egwu oh...ğŸ¤ #DCService #FirstService #Praises,positive,positive,positive
NP Chukwu Agozi Go gi - @user ft @user // #DreamLounge With @user &amp; @user #MidWeekSwitchUp! #HipHopHour ğŸ˜‰ğŸ’¯,positive,positive,positive
NP Onye Nkem - @user // #DreamLounge with @user #MondayNightMashUp! ğŸ¾ğŸš€cc @user,positive,positive,positive
@user Nwanne uwa di uto.,positive,positive,positive
@user @user @user @user Voom ka mma karia statement.ğŸ¤£ğŸ¤£ğŸ¤£ğŸ¤£,positive,positive,negative
ğŸ¶â–¶ï¸CHUKWU AGOZIGO GI @user @user ON TOTORIMUZIK @user #INDAMIX #DISGUISETHEMOVIE #OUTNOW,positive,positive,positive
@user Yesooooo! Chi-Ukwu-Abia-Ma di ebube.,positive,positive,positive
Igwe Igwe Igwe [URL],positive,positive,positive
ğŸ¼ Too chukwu onye amara [URL],positive,positive,positive
@user Kpesie ekpere gi ike.,positive,positive,negative
Nke a a tá»á» m pieces! ğŸ™ŒğŸ™ŒğŸ™ŒğŸ™ŒğŸ™ŒğŸ™ŒğŸ™ŒğŸ™ŒğŸ™ŒğŸ™Œ [URL],positive,positive,positive
@user @user Chai. Ife oma atoka. Nwanne je welu ife oma gi ğŸ˜ƒğŸŒš,positive,positive,positive
"@user Congratulations sir, o ruru gá»‹.",positive,positive,positive
@user ğŸ¤£ ğŸ¤£ ğŸ¤£ ğŸ¤£ What I do bikonu? Aka'm di ocha ooo,positive,negative,negative
Ndia choro kanyi kuo garri!!! Chai ..... Akanchawa Rasta ..... Onyenweanyi Mere Anyi Amara!!!!,positive,positive,positive
Happy birthday Engr Nke Anyi. Birikwa ğŸ™Œ @user,positive,positive,positive
@user @user Njiri Mara Ndi igbo! Igbo kwenu e!!!!,positive,positive,negative
@user @user @user @user @user @user @user @user @user @user @user @user @user @user @user @user @user @user @user @user @user ğŸ¤£ğŸ¤£ğŸ¤£ğŸ¤£ Nkea atá» má»¥ ichee,positive,negative,negative
"@user Chuks nwokeoma, ya diri gi mma! Ndewo!ğŸ™",positive,positive,positive
@user 's otimkpu. Nwoke mara ife ana ako. Afam umunwanyi Nwoke na apiawa azu Fa amaro ka isi kwado They dunno ğŸ˜ Ubochi taa anam ario chukwu ka o zaa gi ekpere gi nille ma ife ndia n'gi n'obi gi choro. Amin Happy birthday @user,positive,positive,positive
Blood Blood Blood!!!! regrann from @user - Hbd nwannemus @user chukwu gozie giâ€¦ [URL],positive,positive,positive
[NUM] afor ihe Oma ga emere anyi.,positive,positive,positive
@user @user @user @user @user @user Nli gi malu mma nâ€™anya... ji sie ike... ğŸ‘ğŸ‘ğŸ‘,positive,positive,positive
Ofu onye Ana asi unu abiala Aka Na emebe cashew Na [NUM] @user ğŸ˜nwaanyi oma [URL],positive,positive,positive
@user @user Maka chi.. ezigbo Asa,positive,positive,positive
"Ndewo, Chukwu gozie ğŸ™ gi! [URL]",positive,positive,positive
Congratulations nwalete Chukwu gozie gi [URL],positive,positive,positive
@user @user @user @user Eziokwu dá»‹ na ihe ikwuru chairman,positive,positive,negative
Ihunanya nÃ¥ IhÄ—......ğŸ™ğŸ»ğŸ™ğŸ» [URL],positive,positive,positive
@user Daalá»¥ nwaanyá»‹ á»ma. ğŸ˜,positive,positive,positive
@user @user Obodo gá»‹ amaka,positive,positive,negative
Chai Sega bukwa ezigbo Odogwu oo!!! [URL],positive,positive,positive
@user Onyenweanyi gozie gi,positive,positive,positive
Chukwu I dinma I di nma I di nma Chineke m oo nara ekele mine nile ğŸ¶ğŸµğŸµğŸ¶ğŸµ #InspireRCCGPL,positive,positive,positive
"@user Onyeoma, Onye Eze ibem! I greet you sir!",positive,positive,positive
Nwa'afor! Nwa mama!! Nwa di sharp ğŸ˜ğŸ˜ğŸ˜ #igbokwenu [URL],positive,positive,positive
@user Nsogbu adighi utom,positive,negative,negative
@user @user á»Š bá»¥ ezigbo nwa afá» Igbo,positive,positive,positive
"@user Eziokwu, ka ikwuru ututu oma nwannaa",positive,positive,positive
@user Jisi Ike Nne.,positive,positive,negative
NP Chukwu Agozi Go Gi - @user // #TheMiddayExpress With @user MixBy @user #InspireMyTuesday,positive,positive,positive
"@user @user @user @user @user @user @user @user @user @user @user Obi esigo Ike, Chukwu dube gi nna. Ife aga eji zu ya ama nko gi",positive,positive,negative
Ihu n'anya ya di ukwu n'ime ndu m! [URL],positive,positive,positive
"@user Aww ego ga bia ofuma. A dim very rich now, m kwesiri nyere gi ofu plate. â¤ï¸",positive,positive,positive
#Np nwanne waa @user #k'anyinoria Oge ndigbo @user,positive,positive,positive
@user @user @user @user @user @user @user @user @user @user @user @user Daalu Ezigbo Nne,positive,positive,negative
Like I always says Doh Oliseh Doh Oliseh kenu elu wa doh Chukwuâ€¦ [URL],positive,negative,positive
"Fast Cash"""""""": Watch Tamara Eteimo, Kiki Omeili, Oma Nnadi, Mary Lazarus in trailer [URL]",positive,positive,positive
@user @user @user @user @user @user @user @user @user @user @user @user Eziokwu bá»¥ ndá»¥ ğŸ™ğŸ™,positive,positive,positive
"EZIOKWU BU NDU @user [NUM], Coal city state. Obodo ife n'eme. [URL]",positive,positive,positive
"@user Amaka pounds-sterling, Nwanyioma idi uto.",positive,positive,positive
@user Chukwu bu ike anyi,positive,positive,positive
ğŸºğŸ»Aka aka ya aka Jehovah meme nma Olu ebube ya nke nerughari nebe'm no Isi iyi nke ndu nke nadighi ata ata Aka aka ya aka Jehovah meme namğŸ¶ğŸµ,positive,positive,positive
Nwanne ka anyi muru nu aya ka azu maka ndi ilo...... Hapi Sunday peops and Jah bless.... @userâ€¦ [URL],positive,positive,positive
Onye Ne Me Mma Lekwe Ikeperem Na La O Chineke Idi Mma #praise #[NUM]dservice #rogicabuja,positive,positive,positive
Nwanne jisie ike na asá»‹ na Ã¡kÃ¡ ajaja na ebute á»ná»¥ mmaná»¥ mmaná»¥ ğŸ˜ğŸ˜ğŸ‘ [URL],positive,positive,positive
@user @user @user A mara m Uma dee ya aga ahá»¥ ka m kebie okwu. Daalá»¥ nwanne.,positive,positive,positive
"NP @user """"""""""""""""CHUKWU AGOZIGO GI"""""""""""""""" #RoadShowLagos With @user &amp; @user",positive,positive,positive
Happy birthday atakata elo @user. Jide nke iji.,positive,positive,positive
"@user #onye_mpağŸ™Œ udo Di li gi nwanne @user Festac Town, Lagos [URL]",positive,positive,positive
@user Captain! Akwaeze na Anaá»cha dá»‹ proud. Jisie ike nwanne!,positive,positive,positive
"Nnabuenyi, happy birthday nnukwu Mmanwu @user.",positive,positive,positive
@user Daalá»¥ nwa afá»,positive,positive,positive
@user @user Ndá»‹ Kraá»‹st MFM,positive,negative,positive
@user Onye nwe anyi gbaa gi ume ğŸ’¯ğŸ’¯,positive,positive,positive
Ibu chukwu ibu di manu ooo X[NUM] #Worship #TheSpiritAndLifeSeries @user @user @user @user @user @user,positive,positive,positive
Ututu oma ndi mğŸ’« [URL],positive,positive,positive
@user Nsogbu adiro at all.,positive,negative,negative
@user @user @user @user @user @user Biko dughariam Nke oma ğŸ˜‚,positive,positive,negative
"@user @user Happy birthday llnp,Golibe maka Na tata bu ubochi ncheta omumu gi..Chukwu gozie kwa gi",positive,positive,positive
@user @user Happy birthday brother. This their kini challenge no let me see road today.. iheoma ga emere gi nwanne. I ga dika echi maka echi adighi agwuagwu. Chiukwu ga awara gi uzo ebe oga abara gi. Ya gaziere gi...,positive,positive,positive
Ezigbo obara Jesus [URL],positive,positive,positive
#Vibing ğŸ“» Kpo Kpo Di Kpo - @user On #TheTakeOver W/ @user #OldiesButGoldies [URL],positive,positive,positive
Ezi nwanyi di uko. [URL],positive,positive,negative
@user á»Œke ada! Ekene m gi! á»Œná»¥ m shutop!,positive,positive,positive
"@user Onye nwe uno, anyi abialugo welu obi chineke Nna nabata anyi",positive,positive,positive
Ututu umu oma,positive,positive,positive
@user Dalu ezigbo mmadu @user,positive,positive,positive
@user @user @user @user Nne Afa ya wu Onyeoma naw nwanna nâ€™eme mma,positive,negative,positive
"@user Fine babe, nwa dÃ­ utoğŸ·ğŸ˜",positive,positive,positive
Eji m chukwu #Grace [URL],positive,positive,positive
@user Chukwu dobe gá»‹,positive,positive,positive
ğŸ¤Eze ndi eze I di egwu Onyedika Gi Onyedika Chukwu Omalicha Agu n'eche mba One Bulie Ya elu.... Igwe Igwe Igwe Igwe! ğŸ¤ #Praises #EternitySummit #DCService,positive,positive,positive
"@user @user @user Ewwww chá»‹m oooohhh!!!! á»Œ zakwara m aza ooohhhh!!!! Nwanyá»‹ á»ma, afam bá»¥ Ikechukwu â˜ºï¸â˜ºï¸â˜ºï¸",positive,positive,positive
@user @user @user Abumu nke chukwu ğŸ¶ğŸµ ğŸ¤£ğŸ¤£ğŸ¤£ğŸ¤£,positive,positive,positive
@user Daalu nwanyi oma. Amen,positive,positive,positive
"Okaka Chikelu uwa, ogologo ndi ka anyi na acho. ğŸ™Œ",positive,positive,positive
"@user Ijele of Africa, Palliative umu nwa ğŸ™Œ",positive,positive,positive
"Nwannem, Thicc bu Ndu! ğŸ’€ [URL]",positive,positive,positive
@user Eziokwu chukwu mara ihe oma o na emere umu ya...ğŸ‘ğŸ‘ğŸ‘ğŸ™ŒğŸ¤²ğŸ¤²ğŸ™,positive,positive,positive
Igbo kwenu!!!! nwanne mmadu ya gazie ri gi ğŸ¤— [URL],positive,positive,positive
Happy Birthday Onye'm @user Chukwu gozie gá»‹ MgbÃ¨ niile,positive,positive,positive
@user ğŸ¤£ ğŸ¤£ ğŸ¤£ Less than [NUM]mins drive.. Biko host us oh á»Œ bá»¥rá»¥ na ofiaku Dalá»¥ rinne ğŸ˜Š,positive,positive,positive
kÃ  chukwu Ä£Ã²ÅºÃ¬Ã¨ Ã±di nne Ã±Ã  nna mma nyi kwa Ä—Ä£Ã² eji azÃ¹ Ã¹mu [URL],positive,positive,positive
"Onye chukwugosiri ogosi go ya, ewero ife na eme. ( who God has blessed no man can change it ) soâ€¦ [URL]",positive,negative,positive
Aka chukwu Di na ya,positive,positive,positive
"@user Hehehe, o di mma nne",positive,positive,positive
@user Mbanu! Chi di ebube,positive,positive,positive
@user Onye Chukwu telu mmaná»¥....ğŸ¤£ğŸ¤£ğŸ¤£,positive,positive,positive
@user Jisie ike. Dokita si mu libe akpá»¥ ğŸ¤£,positive,positive,negative
Oya whine for the kpa kpa di kpa di kpa,positive,negative,negative
@user Dalu odogwu nwoke. Nsi kpa udene nke mbu,positive,positive,positive
"ÃŒgÃ¬rÃ¬gÃ¬ Ã²mÃ  sÃ¬ n'Ã¬gwÃ¨ dÃ  kwÃ sÃ¬ Ã nyÃ¬ n'Ã ro ofu a. Chukwu nnÃ  bÃ¬ko sÃ chÃ  pÃ¹ lÃ¹ Ã nyÃ¬ nsogbÃ¹ nÃ¬nÃ¨, oyÃ  nÃ¬nÃ¨, okÃ¨ Ã¨chÃ¬chÃ¨, Ã ghÃ¹ghÃ² na okÃ¨ Ã²chÃ¹chÃ². NnÃ nyi bÃ¬ n'Ã¬gwe. Otito nÃ  nsÃ²pulÃ¹ dÃ¬lÃ¬ Ã fÃ  gÃ¬ dÃ¬ nsÃ². Ã€nyÃ¬ nÃ  Ã¨kÃ¨nÃ¨ gÃ¬ mÃ kÃ  nÃ  Ã nyÃ¬ dÃ¬ ndÃ¹ wÃ¨rÃ¨ fu Ã ro ofuu nkÃ Ã . @user ([NUM]/[NUM])",positive,positive,negative
"@user @user ğŸ˜˜ğŸ˜˜ğŸ˜˜ğŸ˜˜ Ada anyá»‹, Chukwu gozie gá»‹ rinne.. Thank you",positive,positive,positive
"@user @user @user @user @user @user @user @user @user @user @user @user @user @user @user @user @user @user @user @user @user Daalá»¥ nwannem, Chukwu gá»zie gá»‹ nke á»¥kwá»¥ ğŸ™ğŸ™ğŸ™ğŸ‘Œ",positive,positive,positive
@user They said omalicha di mara'ma,positive,positive,positive
@user Egwu ga adá»‹! Maka chi!ğŸ˜‚,positive,positive,negative
Ndi igbo una well-done oooo [NUM] turn Ford........ Made in Enugu Igbo Amaka @user F C T Abuja [URL],positive,positive,positive
"@user @user Udo di kwara gi, nwoke oma",positive,positive,positive
Mmama di ebube,positive,positive,positive
@user Awesome. Ka Igbo na amama na-aga N'ezie. Ihe nke a amaka. Jisi nu ike.,positive,positive,positive
"@user Ndi nna anyi si na """"""""""""""""Nwayo Nwayo ka eji agi n'ezi sirike"""""""""""""""" Ife di nma",positive,positive,positive
"@user Chukwu gozie gi, Nna. ğŸ™ğŸ¾",positive,positive,positive
@user Nne biko jisie Ike maka na ofoduru nwa obere oge,positive,positive,negative
"Nwanyi oma, Ada be anyiğŸ˜ [URL]",positive,positive,positive
@user ğŸ¤£ ğŸ¤£ ğŸ¤£ á»Œkwa nnukwu ego oh,positive,negative,negative
@user @user @user @user @user @user Iseeeeee ğŸ™! Ya dá»‹kwalu gá»‹ na mma ğŸ™ Nwanne m.,positive,positive,positive
ğŸ¼Jehovah idi egwu JehovahğŸ¼ @user #SuperSunday #HOTRService,positive,positive,positive
Onye Chimere Eze [URL],positive,positive,positive
"@user Dede, amaralam si na ihufu ozi ekelem make puku naira abuo inyerem maka nri ututu. Ino na mgbahari. Nwanna, onye nwe anyi ga ida emere gi ihe oma, da emepere gi uzo... Oga idozi gi ta inwe ike iri aku ikpatara. Jisike dede. Ibuskwa Dimkpa eji eje mba. #BrothersKeeper",positive,positive,positive
@user Dalu nwanne mmadu ğŸ™ğŸ¾,positive,positive,positive
@user Ututu oma Nnaa ğŸ™Œ,positive,positive,positive
@user @user Jesu Kristi nwa David! Chinyere since mgbe onezi? Jehova napu ekwensu ike......I cast and bind ğŸ’†ğŸ’†ğŸ’†,positive,negative,negative
Chukwu Agozigo GiğŸ”¥ğŸ”¥ğŸ”¥ğŸ”¥ğŸ”¥,positive,positive,positive
"@user Eee nwanyioma, arahurum nke oma! Udo!ğŸ™",positive,positive,positive
@user @user @user @user @user @user @user @user @user @user @user @user @user Amen. Dalu nwanyi oma,positive,positive,positive
"â™«â™¬ Na You be God...A ga m aja Gá»‹ mma, Si na ebighebi, ebighebi ruo na ebighebi â™«â™¬ #Consecrated #AfricanPraise #BreakingForward #iOccupy",positive,positive,positive
Onyinye nke Chineke anaghá»‹ ele anya mmadá»¥ â¤ #UnusualPraise â¤ [URL],positive,positive,positive
Nwoke eji eje mba [URL],positive,positive,positive
@user @user @user @user @user @user @user @user @user @user @user Nsogbu adi ro ğŸ˜,positive,negative,negative
@user Happy birthday nwanne á»ma. Jisike na mgbali gi niile. Udo diri gi!,positive,positive,positive
YAWEH ALPHA OMEGA KING OF KINGS PRINCE OF PEACE EXTRAORDINARY STRATEGIST IMPOSSIBILITY SPECIALIST AKA NA AGWO á»ŒRá»ŠA CHI KA CHI OME MBGE á»Œ NYIRI DIBá»ŠA á»¤WA á»ŒMA IJE NWA NA AFá»Œ á»Œ JI á»ŒBARA AKPá»¤ NWA á»Œ BATA á»Œ BIE GAA GA NA á»ŒGWá»¤ ISI IYI NKE NDá»¤ OLORO IHE LORO ENYI IGWEEE!! [URL],positive,negative,positive
"Onye odi oo odi,onye odi ka odi Umu obiligbo,umu obiligbo Ife Ekwe na aku Anyi ga Agbalu umu Nwanyi oso? #Bbnaija",positive,positive,positive
"@user My shout out to ndi hurum n'anya na ndi m guru n'anya, &amp; ndi TMA",positive,positive,positive
"#Worship #CruiseOfOil ğŸ¶Okorobia di nma (fine man) nma nma e, Chi onyem ji eme onu (The God I make boast of) nma nma e #VCService",positive,positive,positive
@user @user Nke ezigbo o ğŸ¤£,positive,negative,negative
Happy birthday Odogwu @user Chukwu gá»zá»‹werem gá»‹ biko. Odogwu abá»¥rá» ngwongwo á»¥má»¥aka. Golibe na aka Chukwu dá»‹ na ndá»¥ gá»‹ [URL],positive,positive,positive
@user Ana m ahu gi nwanne m á»ma ğŸ™ŒğŸ¾ğŸ’ªğŸ¾,positive,positive,positive
@user Udo diri gi Nnaa,positive,positive,positive
"Ekpere gi amaka.... Ka Chineke n'ara aririo anyi, Amen. [URL]",positive,positive,positive
Happy birthday Zee Nwa Mama @user ğŸ‚ ğŸ¼Jehovah ebunyigo gi elu - higher higher ğŸ¼ ğŸš€ğŸš€ğŸš€â€¦ [URL],positive,positive,positive
@user @user @user @user @user @user @user @user @user @user @user @user Correct person nsogbu adighi,positive,negative,negative
@user Biko hapu nu this guy soro nu m biko. Aga m esoghachi onye Igbo obula soro m. Daalu nu. Ha amakwa nu ka anyi si kwado! #IgboInvasion,positive,positive,negative
@user Nne daalu. [NUM] litre Swan di m akuku. I feel so weak. Mana o ya adisi m nma. Daalu rinne!,positive,positive,positive
@user Nwanne mmadu. Ya gazie gi nke oma,positive,positive,positive
Onye Chi yelu Ugo... ğŸ™ğŸŒšğŸŒš,positive,positive,positive
@user Gracias Merci bouqui Chukwu Gozie gi,positive,positive,positive
@user @user @user @user @user @user @user @user Biko agbachina Ã²nye chi ya agba chiro ğŸ˜‚. Thank u,positive,negative,negative
@user Thanks a lot Mazi. Chukwu gozie gi big big. ğŸ™ğŸ¾,positive,positive,positive
@user ğŸ˜‚ğŸ˜‚ğŸ˜‚ ngwanu Nwachukwu uche gi di ya ooo ğŸ¤£ğŸ¤£ğŸ¤£ğŸ¤£ğŸ¤£ğŸ¤£,positive,negative,negative
"Akaraka di n'iche n'iche, nke a bu nke m. #music #saxophone @user Owerri, Imo [URL]",positive,positive,positive
Odogwu Nwanyi! I am soooo proud Chukwu duo gi na-Ije gi nile [URL],positive,positive,positive
@user Walaykum salam warahmotullah wabarakatuhu (nka bu okwu ekene; Udo Dirigi umunnem).,positive,positive,positive
Dear @user nwa mama. Chukwu gozie gi. Onye oma diri kwa ndu kaa nka.,positive,positive,positive
Happy Birthday @user Chukwu Gozie GI NwanneğŸ’™ğŸ™Œ [URL],positive,positive,positive
Imela imela Okaka Onye m ji e me onu Imela imela Eze ndi eze Eze m o #DCC #Worship,positive,positive,positive
Nri ndi nze!!! [URL],positive,positive,positive
@user @user @user @user @user @user @user @user @user @user @user Ã’nye me bá»‹a á»¥wa nÃ¡ atá» pieces á»Œkwu a anyá»‹ á»¥gwá» ya na pound sterling Â£Â£Â£ ma kÃ  chá»‹ ğŸ˜‚ğŸ˜‚ğŸ˜‚ğŸ˜‚,positive,positive,negative
"@user Okay... nne, idi uto. Next. ğŸ˜…",positive,positive,positive
"@user Okwa ifu dat last advise to umu asa, odimkpa.",positive,positive,negative
@user Baba shoe gi a bá»¥godi machine,positive,negative,negative
@user @user Amen. Daalu shinne ezigbo nwa nne m,positive,positive,positive
@user @user Ada Nnia NwanyiOma Ezigbo nwanyi Oganiru m NneOma NwanyiOcha,positive,positive,positive
@user Daluu onye oma CYğŸ™„,positive,positive,positive
Go and conquer dear AKWAABA OHENE OZO Ozoemena Chukwu #GhanaWelcomesOzo [URL],positive,positive,positive
@user @user Otito diri jesu! No be okpa,positive,positive,positive
"@user Anyi ario gi (anayooo) anyi ario gi (anayoo) ezi chukwu, ezi chukwu, nabata ya; were ya, gozie ya, mekwaa ya Nna, k'odi mma, (kwesi) n'iga'nara ya.",positive,positive,positive
NP Onye Nkem - SSES // #DreamLounge WIth @user &amp; @user ğŸ¼ğŸµ #MondayNightMashUp CC @user #DaRMXshow,positive,positive,positive
@user Nwanyi oma kedu ebe isi weta ONA. Ezigbo nri Mara mma. Biko I have enyetu m,positive,positive,positive
Happy birthday Mbiagu. Chukwu gozie gi.. [URL],positive,positive,positive
"Olibe, one ka o ya eli? Account gbakwalu agba oo. I nwee madu na Fidelity, juo ese. Mana guy man is working towards something. Uche ya di ya [URL]",positive,negative,negative
"@user Nne, ndo o. Nwanyá»‹ á»ma, oya smile na",positive,positive,positive
@user Ezigbo nwanne mmaduğŸ˜ğŸ˜,positive,positive,positive
"@user JesÃº M, A huru m gi n'anya karisia ihe nilÃ© E ji m obim nilÃ© chegharia na mmehe m megheri gi E kwela ka m korapu onwe m ozo n'ebe i no Mee ka m n'ahu gi n'anya mgbe obuna Bia jiri m mee ihe obuna masiri gi ğŸ™ğŸ¾ Let us Pray ğŸ›ğŸ¤²ğŸ¾",positive,positive,positive
"@user Ifii baby, ikwuru ezi okwu. Igbo Amaka; hoohaa!!!",positive,positive,positive
@user Lol. Ezigbo mmadu,positive,negative,negative
"ğŸµğŸ¶Amam amasi amasi Ngalaba j'isi ndum oh Onye anyi n'asopuru Onye okwu onu ya bu """"""""""""""""A na AmenğŸµğŸ¶ #Gratefulheart #happysundayeveryone #ThanksgivingSunday ğŸ’ğŸ’ğŸ’ğŸŒ»ğŸŒ»ğŸ—ğŸ—ğŸ–ğŸ›ğŸœğŸğŸ²ğŸ¦ğŸ¨ğŸ¸ğŸ· @user COZA, The Wealthyâ€¦ [URL]",positive,positive,positive
Chukwu gozie gi papa [URL],positive,positive,positive
Kpo kpo di kpo Kpo kpo kpo ğŸ¶ğŸ¶,positive,positive,positive
What happened? Koro Anyi Ka Obi di Anyi nma..... [URL],positive,positive,positive
"Igbo ndi oma ekele m unu.. Ngwanu, let's go [URL]",positive,positive,positive
@user @user Inwero nsogbu cha cha,positive,negative,negative
"@user happy birthday onye life! chukwu gozie ghi, ma nye ghi ogologo ndu na ahu si ike.",positive,positive,positive
@user @user Ndi ezigbo mmadu,positive,negative,negative
@user @user Ezigbo Eligwe oooo ğŸ˜ğŸ˜ğŸ˜,positive,negative,negative
"Aga mu ako ihe chukwu mere mu n'elu uwa, Ihunanya Chineke karisia solumtochukwu ğŸ™ŒğŸ™ŒğŸ™Œ",positive,positive,positive
Abá»¥ m eze nwanyá»‹ na okpueze. M ga-achá»‹ ruo ogologo ndá»¥. #mrshustleâ€¦ [URL],positive,positive,positive
Chineke nna bikozienu abum nwa gi oooğŸ˜­ğŸ˜­ğŸ˜­ğŸ˜­ [URL],positive,positive,negative
Chukwu AGOZIGO GI!!!!! ILLBLISS (Video) [URL],positive,positive,positive
"@user Nnanyiukwu, o kwa Ekene kam ne kene ghi. Nnanyiukwu, Ututu oma ooooo",positive,positive,positive
@user Okwu gi kwu oto ka amu!,positive,positive,negative
Otu tu Oma,positive,positive,positive
Anom naka eze nke eligwe... Ujor adighi atum o,positive,positive,positive
@user @user [NUM] union bank sir plss ikpere m di nâ€™ala ğŸ˜­ğŸ˜­ğŸ˜­ğŸ™ğŸ™ğŸ™,positive,positive,positive
@user Huge congrats Ndi á»ma.,positive,positive,positive
ğŸ¶ğŸµ#NPğŸ”Š Onye Eze - @user on #WhatsUpKANO ğŸ“»ğŸ§ğŸ™ï¸w/@user Listen hereğŸ‘‡ğŸ¾[URL],positive,positive,positive
"#CombinedService #ParentingWithEase â™«O tie, Nso!!!!! X[NUM] Onye ndi muozi na mmadu n'ekele X[NUM]â™« @user",positive,positive,positive
@user ekpere gá»‹ ga ere... aÃ±á»¥rá»‹ ncheta á»¥bá»chá»‹ á»má»¥má»¥ gá»‹ odogwu. Chukwu chebe ma debe gá»‹.,positive,positive,positive
@user @user @user Uche gi Dia full time. Kedu ebe ino na [NUM],positive,negative,negative
@user @user Onye oma na ala owerri!!!,positive,positive,positive
@user EwooğŸ™†ğŸ»â€â™€ï¸ğŸ™†ğŸ»â€â™€ï¸ iwegi dajuo nwokeoma..ğŸ˜Chukwu ga-ezitara gi nwaanyioma ga-ahuginanya nkeomağŸ˜,positive,negative,negative
@user @user @user @user Chukwu onye Okike!,positive,positive,positive
@user @user ekpu zim okpu eze juo vico kyngz..onye isi happy birthday..blood one love,positive,positive,positive
Maka na ihe oma anaghi agwu agwu [URL],positive,positive,positive
@user Ubochi taa dikwara gi mma.,positive,positive,positive
NP-Kpo Kpo Di Kpo(rmx) by @user #workchop with @user @user,positive,positive,positive
"@user Oga m, ekene aro ofu. Abialu m ogbe unu na izu galu aga. O ga-adikwalu gi mma o! Dalu rinne.",positive,positive,positive
@user Eziokwu bÃ¹ NdÃ»,positive,positive,negative
Happy birthday osiliora @user Chukwu gá»zie gá»‹.,positive,positive,positive
Anyi na eri ezigbo nriğŸ•ºğŸ¼ğŸ•ºğŸ¼ğŸ’ƒğŸ’ƒğŸ’ƒ [URL],positive,positive,positive
@user Ihe oma akokwala gi. Amen,positive,positive,positive
@user Nwannem oooo. Chukwu gozie gi,positive,positive,positive
#WackyWednesday on the #MorningRushIB w/ @user #Np Chukwu Agozigo Gi - @user,positive,positive,positive
@user Rapu m aka ooh. Jehovah bá»¥ onye na-azá»¥ m dá»‹ka atá»¥rá»¥ ğŸ˜‚,positive,positive,negative
"Akachukwu di n""""""""""""""""ya [URL]",positive,positive,positive
@user Anyi di ike n'oru karia ndi mba ozo.,positive,positive,positive
@user Tobechukwu Maka na chukwu agozigo gi,positive,positive,positive
@user @user @user @user @user Odogwu umunri... Good evening Nnukwu mmadu,positive,positive,positive
@user N'ezie #ImoBuNkeAnyiNile. Chineke gbaa gi ume n'afa Jesu!ğŸ‘,positive,positive,positive
@user @user @user Ya diri gi na mma . Nwanne.,positive,positive,positive
"March [NUM]th never reach but I don receive gifts wey plenty... Chineke nna nke bi n'igwe.. Nara ekele, nara mbulie elu... Ka otito were diri aha nso gi",positive,positive,positive
ğŸ¶ğŸµğŸ¹ Hail my Jesus Ebube [NUM]x di ke #JesusEmbassyIb #WhatIsInYourHands,positive,positive,positive
"@user @user @user @user @user @user @user I ga adi ka echi, maka na echi adighi agwu agwu! Iseeeee!!!",positive,positive,negative
@user Ada kedá»¥ onye na-akusu gá»‹ n'á»¥tá»¥tá»¥ a?,positive,positive,positive
ğŸ¤Aka aka ya Aka Jehovah na eme mma Olu ebube ya Nke na erughari na ebe m noğŸ¤ #DCService #FirstService #Worship,positive,positive,positive
Kpam kpam dim di kpam kpam with phoneh. OK #TheVoiceNigeria,positive,negative,positive
Okwa asina m gi gbagharam ğŸ˜© [URL],positive,negative,negative
"Igbo prayer has not started until you hear... """"""""""""""""Obu n'aha Jizos..."""""""""""""""" """"""""""""""""Obi n'ike n'obara Jizos..."""""""""""""""" """"""""""""""""Ya mere ezi onye nwe anyi na Chineke ayi..."""""""""""""""" ğŸ¤£ğŸ˜‚ğŸƒğŸ¾ğŸƒğŸ¾ğŸƒğŸ¾",positive,positive,positive
"#TWHSunriseService #HOTRService â™¬Okaka Onye kere ihe nile, agada gbachiri uzo, onye nwe ikeâ™¬ @user",positive,positive,positive
@user @user @user @user @user @user @user Nwa mechiri akwukwoğŸ˜,positive,positive,negative
"@user @user Nwanne ekweghi m, á»¥lá»-akwá»¥kwá» anyi bu odogwu á»kÃ cha mma n'otu ebe Ã¬fÃ¨ nÃ­lÃ© n'eme .",positive,positive,positive
@user @user @user @user @user @user @user @user @user @user @user @user á»¤tá»¥tá»¥ á»ma nne á» ğŸ˜€ğŸ˜€ğŸ‘,positive,positive,positive
@user That's a lie ooo. Anam asu igbo. Anam ede igbo. Udo diri gi,positive,positive,positive
Nwanne album gá»‹ sá» nÃ¡ ife a na eme.... Jisie ike ğŸ”¥ğŸ”¥ğŸ”¥ğŸ’ªğŸ‘ [URL],positive,positive,positive
Ututu oma umu Igbo ibem Ogadagidi na nteje si m kele unu Otu onye ana asi unu abiala #IgboProverbFriday #IgboTwitterCommunity #IgboAmaka @user @user @user @user @user @user @user @user [URL],positive,positive,positive
@user Ezigbo Nwa afor ji eme onu,positive,positive,positive
ğŸ‘ ğŸ‘†.. Keep em ğŸ‘† @user - JeHova bu onYe na edum di Ka aturu '! StraiGht [NUM]! Udoâ€¦ [URL],positive,positive,positive
@user @user @user Nwoke á»ma di egwu. Ezigbote nwannem. Jisike!,positive,positive,positive
@user You welcome sweetheart.. Biko bia dm kowaram ka gina jack siri wÃ¨rÃ¨ ruo kam mara ihe mu na yaa ga ehe fess,positive,positive,positive
#NP CHUKWU AGOZIGO GI @user #ROADSHOW W/THE MUSICDYNAMITE @user #TGIF #FUNKYFAAJIFRIDAY #TUNEIN,positive,positive,positive
Olisa Ebuka Chukwu bi n'eligwe O soso gi na enedu'm â¤ï¸,positive,positive,positive
@user M ne kene giğŸŒš,positive,positive,negative
#PraiseAndWorship ğŸµOnye Ye nme nma...Lekwa impermeable Na la... Chineke Idi nma...ğŸµ #FinishWell #WatchNightService,positive,positive,positive
"Ndi banyi unu asala chu, nke onye chiri ya zelu. Ututu tuturu njo ma tutara anyi ihe oma. Ukwu anyi ji bata ga aka nke anyi ji pu nma. Eke kelu uwa chekwaba anyi. Ome ihe jide Ofo, makana oji Ofo ga ana. Daalunu.",positive,positive,positive
@user @user @user @user @user @user @user @user @user @user Nke a amaka! Ya gazie! âœŠâœŠ,positive,positive,positive
@user @user @user @user @user @user @user @user @user @user @user @user @user @user Asa bá»¥ so mmadá»¥ ğŸ™ğŸ‘Œ,positive,negative,positive
@user Aww. Nsogbu adiro ğŸ˜€ Dalu nwannem,positive,positive,negative
@user Jisie ike nwanyá»‹ á»ma,positive,positive,positive
@user Hehehe onye nkem ğŸ˜ŠğŸ˜ŠğŸ˜ŠğŸ¤—ğŸ¤—ğŸ¤—ğŸ¤—,positive,positive,positive
Ndá»‹ nkÃ¨ anyá»‹ si na Ihe dÃ rÃ  na ala atá»¥ á» la aja... Ka anyá»‹ kasá»‹e obi ike kele Chukwu. To those that lost their lives may God give the families the fortitude to bear the loss. #Ozoemena,positive,positive,positive
"Onwa November ga mara-gi mma. Amara, aru-isike ka Jehova ge ji cho-gi nma. Ya na Ngozi puru iche... [URL]",positive,positive,positive
"Igbo bá»¥ Igbo ekele má»¥ á»¥ná»¥ ooo Igbo dá»‹rá»‹ ná»¥ Ahá»‹a ji á»¥tá»¥tá»¥ were zá»¥á» na afá»r Nnobi, mana ka ya bá»¥ nwa Mgbafá»okoyeudo na akwado ije ahia ya bá»¥ á»ká»‹rá»‹ bá»‹ara gbaa ama na onwere nwanyá»‹ obodo sá»‹rá»‹ na onye zá»¥rá»¥ ihe n'aka ya á» kwá»¥á» nha puku naá»‹ra ise.",positive,positive,positive
"Chideraaa Akwaugo Achalaugo Nwanyi Olaedo Omalicha Ada Nnaya Chukwu Gozie gi ğŸ™ğŸ»ğŸ™ğŸ»ğŸ™ğŸ» @user Lagos, Nigeria [URL]",positive,positive,positive
"Taata bu ubochi puru iche! Ubochi taata otutu afo gara gara ka nnukwu Mmadu biara uwa. Nwoke oma di mma. I ga-adi ka echi, maka echi adighi agwu agwu! Ngozi Chukwu ga akwu gi n'ihu, ebube ya ga eso gi n'azu. Amen! Isee!! Ekele Ubochi ncheta omumu @user [URL]",positive,positive,positive
@user @user Nne odiro gá»‹ egwu? I need this love too á».,positive,negative,negative
@user ğŸ™‚Nsogbu adiro. Jisie ike,positive,positive,negative
Ubochi ta bu ubochi amara.. Bia nara nzoputa,positive,positive,positive
@user Ee! Dalu Onye m ğŸ™ğŸ™ŒğŸ’ª,positive,positive,positive
@user Afa gi nkea bukwa daachi ğŸ˜,positive,negative,negative
ezi ehihie á» bá»¥la na onye á» bá»¥la nke Gá»‹ Ka ngá»zi na-eso gá»‹ na eziná»¥lá» gá»‹ [URL],positive,positive,positive
@user Na ebezi kwanu ğŸ˜‹ Ma anyi afuro na December obi ama di m mma o,positive,positive,negative
@user God BLESS Nnukwu,positive,positive,positive
@user @user Ah ah. Lekwanu hot gyal. Baby oku ğŸ”¥ğŸ˜ŠğŸ˜ŠğŸ˜Š,positive,negative,negative
#YouDeyFlenjor: Onye Dinma ğŸ§@user #MakeEBetterForYou ğŸ”›ğŸ“»w @user,positive,positive,positive
"Nwa nnÃ , á»ŠÌ gbalá»‹a lÃ  nke á»¥kwá»¥. Kam jÃ¹ kela gá»‹, ebe ka anyá»‹ g'enweta tu akwá»¥kwá» gá»‹ a? Ya gaziere gá»‹. [URL]",positive,positive,positive
@user Nne!! ğŸ‘‘ğŸ‘‘.. ibu Ezigbo Gold!,positive,positive,positive
@user Ezemmuo á»¥tá»¥tá»¥ á»ma. On behalf of the Shevil Spirits I bring you ekele á»¥tá»¥tá»¥. Ka Osebuluwa ná»nyeere gá»‹ ğŸ™,positive,positive,positive
@user Ezigbo oyo o ğŸ˜‚ğŸ˜‚,positive,negative,negative
"@user @user @user @user @user @user @user @user @user @user @user @user Ezigbo nwanne m Onwekwanu nwa ada be anyá»‹ ana aná»¥ na Nagbana, kama a mará» m aha be dá»‹ ya.",positive,positive,negative
Adighi azu nwanne na ahia... Ezi nwanne amaka!,positive,positive,positive
Noble ChibuzÃ¶r Igwe,positive,positive,positive
"@user Ji si ike nwanne! Mgbe ike guru gi, I ga kwusi ihe ine meğŸ˜ğŸ˜ğŸ˜ Mi o gbo Yoruba oğŸ™„",positive,negative,negative
@user Lol onye igbo ğŸ’¨,positive,negative,negative
NP Kpo Kpo Di Kpo - @user // #DreamLounge With @user &amp; @user #PartyAnimalsğŸ¼ğŸµ #ThrowbackThursday,positive,positive,positive
"Onye anakpÃ³, nwere ihe Ã¶na eme. Happy Palms Sunday @user [URL]",positive,positive,positive
Kpo Kpo di Kpo Kpo KpoğŸ˜‚ğŸ˜… [URL],positive,positive,positive
@user Ji si ike nwanna,positive,negative,positive
Olisa daalá»¥ na mmadá»¥ abá»¥ghá»‹ Chukwu,positive,positive,positive
"@user Onye Ayala nwanne ya . Nke a na ato m ka mmanu anwu, Biko ndi no na portharcourt ha aga enwe ogbako yiri nkea, uche mu di ya",positive,positive,negative
@user Nke a atogi specialğŸ™„,positive,positive,negative
"@user @user @user Eziokwu Nwanne m, adighi arahu ura na bicycle.,nke ejizi akpo uga na express. Ihe oma Chukwu Okike rutekwe @user aka oo",positive,positive,positive
"@user Gozie kwa gá»‹, daalá»¥",positive,positive,positive
@user Dipo onye mmemme! Ndewo.,positive,positive,positive
ğŸ¶ I bu onye dinma eh Onye dinma eh Nara Ekele. ğŸ¶ #AbujaTwitterCommunity #HolyGhostInvasion #DCService #DCGwarinpa [URL],positive,positive,positive
@user @user Lo l ezigbo trash,positive,positive,negative
"@user Chukwuokikeabiama gozie gi nwa Chineke, ezigbo nwafo igbo",positive,positive,positive
Chineke Ã³nyÃ© nzá»pá»¥ta [URL],positive,positive,positive
"@user @user @user Ka sir, chukwu gozie gi",positive,positive,positive
"Chukwu gbaa unu ume, ma mepeere unu uzo. Iseee [URL]",positive,positive,positive
@user @user Ji de kÃ  iji nwanne ğŸ‘ğŸ‘ŒğŸ‘Œ,positive,positive,positive
@user Hustle ooh. My Brother Hustle Onye oma na sampolo,positive,positive,positive
"NP """"""""""""""""Baby Okwu"""""""""""""""" By @user #WorkChopIB w @user x @user",positive,positive,positive
@user Umu Igbo bu Dachhiiiiiiii. Ndi Chukwu tere mmanu,positive,positive,positive
@user Odogwu ndá»‹ Igbo ji eme á»ná»¥....,positive,positive,positive
@user @user @user Lol. á»¤tá»¥tá»¥ á»ma my brother. Mgbe onye jiri teta...ğŸ˜‹,positive,positive,positive
NP O Di Ni Ka Chukwu - @user ft @user // #TheMiddayExpress With @user MixBy @user #InspireMyTuesday [URL],positive,positive,positive
@user ğŸ˜ Gá»‹ nwa hapá»¥ zia á»¥ka á»‹ bá»‹ara kilibe zia dá»‹ nÃ  nwunye nÃ¡ nyekolita ekene nke á»¥dá»,positive,positive,negative
@user @user @user @user Ututu Oma Ada @user Good Morning Dike ğŸ™ŒğŸ™ŒğŸ™Œ,positive,positive,positive
"@user Onye ndidi n'eri azá»¥ ukpo. Nwayá» nwayá» bá»¥ ije agwá». Ebe onye á»sá» ruu ka onye ije ga-eru. Jisie ike, Ada.",positive,positive,positive
@user Gbam !! Ugbu a ka ibiaranu. Onu awagom ochi Dike ka ibuğŸ’ªğŸ¤—âœ…,positive,positive,positive
@user @user @user @user @user @user @user @user @user @user @user Happy birthday Ikeoha Ndi Igbo ğŸ‚ğŸˆğŸ‰â¤ï¸,positive,positive,positive
Happy Birthday Ezigbo Nwannem @user Chukwu okike welu ngozi kasi ngozi choo gi nma.. [NUM]+ sure looks good on you.. [URL],positive,positive,positive
"Happy birthday Omalichanwa. Chukwu Gozie gi , nye gi ogologo ndu nâ€™ahu Ike [URL]",positive,positive,positive
"@user Egwu talu nchala, Onye Egwu!!! Happy Birthday Sir, Daalu riine Maka akuko na Egwu gi.",positive,positive,positive
@user Ina eshi Ndu Ndu ğŸ˜…ğŸ¤£,positive,positive,positive
"Desmond Elliot, Alexx Ekubo, Ebube Nwagbo, Oma Nnadi star in â€œBeing Annabelâ€ | Watch the Trailer [URL] [URL]",positive,positive,positive
"Mentor:. á»¤tá»¥tá»¥ á»ma Iyom Anenih Iyom: Eji m aka na á»lu na ga á»fuma Sule Lamido Iyom: Ihe oma diri, Ije á»ma Mentor: Eaa! Dalu Thanks Ndi Anambra for the warmth reception.",positive,positive,positive
"na ohaneze gbakoro aka na-akpa ububo nke ndaputa ya ga-akwalite odinala n'omenala Igbo anyi. Ma ndi omasiri ikwalite ihe gbasara ndi Igbo makwa ndi ota-abukpo-anya, nke ka nke bu na ngwucha ya, o bu maka odimma asusu Igbo. Ekele kelere m Chimamanda, Ada Igbo tuuru Ugo, maka...",positive,positive,positive
@user @user Ada dá»‹ mma.... ğŸ˜‚ğŸ˜‚ğŸ˜‚ğŸ‘,positive,positive,positive
@user Chineke agaghá»‹ ekwe ka nke kará»‹rá»‹ anyá»‹ bá»‹akwute anyiğŸ™ğŸ™,positive,positive,positive
"@user Nnem si gi """"""""""""""""nsogbu adighi, unless ma obu onye ji aka ya esogbu onwe ya... Ala adighi mma bu uru ndi nze n'ozo (now Ghana). Ghana were nwayo, ka ofe roro aro, zuoro ha ofe... Oyata adikwa mee! Otekata aka, odi njo, oga adikwa mma.",positive,positive,negative
Ndi IgboamakağŸ˜˜Anyi bu ndi meme na ndi obiocha ğŸ™ŒğŸ™Œ Ndi igbo ekene mu nuuu,positive,positive,positive
@user @user Agam a gaa na temple nke be m ma gwa Amadioha ka mmiri zoo ğŸ˜âš¡ğŸŒ¦ï¸â›ˆï¸ğŸŒ©ï¸ğŸŒ§ï¸ğŸ’§ğŸ’¦,positive,positive,positive
@user Buh I buru asa na ğŸ˜­ğŸ˜­ğŸ˜­,positive,negative,negative
"Ndi Twitter! Ekele munoo oo Otutu oma doctor , unna do well ğŸ¤™ğŸ½ [URL]",positive,positive,positive
#PlayingNow Chukwu agozigo gi @user @user @user na #Ogendiigbo ğŸ“»W/ @user na @user ğŸ§Live Stream: [URL] ğŸ„#TuneIn,positive,positive,positive
Chukwu obi oma,positive,positive,positive
Go odi ogoriba oge [URL],positive,positive,positive
Ibuchukwu ibu GI nmadu Na you be God Almighty God Pst @user #Tvoice #praiseandworship #midweekservice,positive,positive,positive
"@user Onye oma, abeg bless me ğŸ˜‚ğŸ˜‚",positive,positive,positive
Hahaha. Nke a tá»rá» m special [URL],positive,positive,negative
@user @user @user @user Okwu gá»‹ kwu á»tá» chairman,positive,negative,negative
"@user Chimnonyelum, Anu ana-agba egbe,o na-ata nri. Ekwueme[NUM], Oji obara akpu nwa. Nwanne otu onye. Chinahuzo,Chinagozim,Omemma, Otu onye ana-asi unu abiala. Agbanweghi agbanwe Di nwanyi ajadu. Odogwu n'agha. Chinaedumebi. Chukwuokike imeka oo",positive,positive,positive
Nwanyi Ã³ma ma obi m ğŸ˜˜ [URL],positive,positive,positive
Chukwu Onye Olu Ebube ğŸ™,positive,positive,positive
@user @user A furu m gi n'anya ğŸ˜˜,positive,positive,positive
"Ã“nyÃ© mÃ©bÃ© Ã­he ya jidekwaná»¥ á»fá» n'aka..."""""""" """"""""Ogene Jesus na-ekwu"""""""" Beautiful weekend good people #IgboAmaka @user @user @user @user @user @user @user @user @user [URL]",positive,positive,negative
Nwa mara nma. Nwa Nne na Nna ya zuru ofuma. Ada di ora nma. Morning [URL],positive,positive,positive
"á»Šma mma Chukwu, á»ná»¥ apá»¥ghá»‹ á»‹ká» ya. á»Šhá»¥nanya ya, kará»‹rá»‹ anyá»‹ na aghá»ta. Udo nke á» na-enye á»¥wa apá»¥ghá»‹ inye ya... O kwesá»‹rá»‹ otito, Hallelujah. Good morning. May the month of August bring to us good tidings.. Happy New Month..",positive,positive,positive
Egwu ukwu!!! Igbo Amaka!!! [URL],positive,positive,positive
Odighi onye... Odighi onye... Odighi onye eeeeeee... N'eligwe N'eluwa... Odighi onye di ka gi.... ğŸ•ºğŸ•ºğŸ•ºğŸ•ºğŸ•º Rehearsing my steps for tomorrow. #TE[NUM] #LetsWorshipJesus,positive,positive,positive
@user @user ğŸ¤£ ğŸ¤£ Nkea bá»¥ nke anyi,positive,negative,negative
@user @user Nwannem ooo!!! Chukwu gozie gi. Stay safe.,positive,positive,positive
@user @user @user @user @user Ana ekwu kwan maka cutis cable ka á» bá»¥ maka a-z oil! Men nwere men nwere men nwe men,positive,positive,negative
Blood of Zachariah! Jesus onye Naze! ğŸ˜² [URL],positive,positive,positive
Jehova bá»¥ onye nazá»¥m dá»‹ ka atá»¥rá»¥; á» dá»‹ghá»‹ ihe ká»rá»m.- Abá»¥- á»ma [NUM]:[NUM],positive,positive,positive
Igbo nwere mmaduğŸ‘Œ [URL],positive,positive,positive
Chineke n'eme mma #Praise #NCFService #DCService @user,positive,positive,positive
"Ã” si ha kpebe ekpere... Ã” si ha mene Ã´pipia... Ã” si ha kpebe ekpere maka njo nke uwa. Otito diri Jesu na nduebighi ebi, amen! #Fatima[NUM] /[NUM]",positive,positive,positive
Onye Olu ebube daalu ğŸ™Œ,positive,positive,positive
Ana m ekele gá»‹ maka onyinye nke á»‹há»¥ á»¥bá»chá»‹ á»zá» Daalá»¥ğŸ™ğŸ¾ [URL],positive,positive,positive
Oluwa bule yooo! Dalá»¥ ezigbo mmadá»¥! Thanks my gee [URL],positive,positive,positive
ğŸ˜‚ ğŸ˜‚ ğŸ˜‚ Onye Nkuzi was right [URL],positive,negative,negative
@user @user @user Ada mmadu ğŸ˜˜ Chukwu gozie gi Nwaanyioma ğŸ™.,positive,positive,positive
Happy birthday @user. Nwayioma Chineke Gozie gi nkeoma nkeoma,positive,positive,positive
@user @user @user @user @user @user @user @user @user @user @user @user @user @user @user Onye nke m ğŸ™ŒğŸ¾,positive,positive,negative
@user @user @user @user @user kudos! Jisie ike!,positive,positive,negative
@user Udo nwoke omağŸ™Œ,positive,positive,positive
#NowOnLyriCal[NUM]Ces VIDEO: Sis. Blessing Emmanuel â€“ Chineke Onyedika Gi [URL],positive,positive,positive
@user Udo nwanne mmadu. Daalu.,positive,positive,positive
á»¤tá»¥tá»¥ á»Œma asa mara mma [URL],positive,positive,positive
Eriwa Pt[NUM] groovy @user #Enyi-[NUM] Nwanne Tuo Ndu Mmanu Mehn... @user Aba Enyimba City [URL],positive,positive,positive
@user Thanks Bro. O wu Chukwu n'egosi anyi uzo.,positive,positive,positive
@user Oge be anyi... Dalu,positive,positive,positive
@user Iseeee. Gozikwara gá»‹ Nwa nnaâ˜ºï¸,positive,positive,positive
Igbo m ji eme á»ná»¥ ekenee m unu ooooooooh!!! Ka taata na-echi maalá»¥ anyá»‹ mma.....iseeee!!! K'anyá»‹ na-eme emume ncheta á»gá»¥ bá»‹afra; ndá»‹ niile ná»¥lá»¥ á»gá»¥ ma ndá»‹ bá»‹afra nwá»¥rá»¥ maka á»gá»¥ bá»‹afra. K'anyá»‹ tinye n'ekpere. #BiafraHeroesDay[NUM] #BIAFRARemembranceDay [URL],positive,positive,positive
Nwanyi oma ilaferela oh!!!ğŸ˜‚ğŸ˜‚ğŸ˜‚ğŸ˜‚ğŸ˜‚ğŸ˜‚ğŸ˜‚ğŸ˜‚ğŸ˜‚ğŸ˜‚ [URL],positive,positive,negative
@user @user @user Nnwaanyi á»ma... Otu Budweiser,positive,positive,positive
@user @user Anuri Ncheta Ubochi Omumu Gi Odogwu Nwoke @user . Aka Chukwu di ya,positive,positive,positive
"@user @user @user @user @user @user @user @user @user Onye oma, ndi a e nwerá» nsogbu. ğŸ¤£ğŸ˜‚ğŸ˜ƒ",positive,positive,negative
ğŸ·Onye ne mema Le'iper'm nala Chineke idinma.....ğŸ· #Praise #TheDoves #CelebrationService,positive,positive,positive
@user Kai! ğŸ™†ğŸ½â€â™‚ï¸ğŸ˜­ğŸ˜­ğŸ˜ğŸ˜ğŸ˜ Thanks Mpa Nnukwu... ğŸ™,positive,positive,negative
Nri ndá»‹ oga ğŸ˜‚,positive,positive,positive
#OGAMADAMOFFICESHOW #NP NWATA DI NMA @user FT @user CC @user @user @user @user,positive,positive,positive
PROUD NWA ONYE IGBO ğŸ’ªğŸ’ªğŸ’ª [URL] [URL],positive,positive,positive
Happy Birthday @user ! Nwa mara nma ! Asa nwa na gidi! My banker! Nne this party is still on!!! Doesn't stop until ..... Negodu ka osi di ogo!!! Ihe OMA Nile ruo GI aka! Chukwu choro m GI mma [URL],positive,positive,positive
@user Lol Ndi nweru Obi agu,positive,negative,negative
Ezigbo okwu di ya !!! #ThursdayMotivation [URL],positive,negative,positive
agaghi echefu ndi dike anyi #BiafraHeroesDay[NUM] [URL],positive,positive,positive
Ada Igbo ekele kwam gi NneğŸ™Œ [URL],positive,positive,positive
God save Ndi Igbo (and everyone else) in Oshodi and its environs today. Chukwu zoba anyi.,positive,positive,positive
Ihere adihi eme ndi kwere na aha ya. Ihere adihi eme ndi kwere na okwu yağŸ˜ğŸ˜ğŸ˜ AkpoazağŸ’ƒğŸ¾ğŸ’ƒğŸ¾ğŸ’ƒğŸ¾ TBT,positive,positive,negative
@user Scatter is an understatement nne. E di ka ice cream. Omalicha nwanyi.,positive,positive,positive
ğŸ¤Aga m ahu Ihe m ga eme Ka m jawa Chineke mmağŸ¤ #DCService #FirstService #Praises,positive,positive,positive
"Udo dá»‹rá»‹ gá»‹, Ahmed Musa... #NGA #NGAARG #WorldCup",positive,positive,positive
Proudly #igbo Ndi be anyi ekele my unu,positive,positive,positive
Onye Ndi Mu'ozi na mmadu n'ekele Onye Ndi Mu'ozi na mmadu n'ekele Onye Ndi Mu'ozi n'akpo isi ala eh #DCService # CombinedService #Worship,positive,positive,positive
Bianu Sorom Sorom ke le Chi mo o Bianu buli e ee Bule Jesus elu Nma nma dirigi o o o Chineke onye we rum Otito dirigi o o o Na r'e ekele ğŸ˜,positive,positive,positive
@user @user @user @user @user @user @user @user @user @user @user @user @user @user @user ğŸ˜‚ğŸ¤£ğŸ˜‚ğŸ¤£ Nwatakiri bugodi confam iyoo,positive,negative,negative
NP OGOLOGO NDU @user FT @user // On #THROWBACKHITZ with @user #CHILLINEMPIRE #HALELEMAHMA,positive,positive,positive
"Spurs, Chukwu gozie gi! â˜ºï¸ #TOTLEI",positive,positive,positive
"@user Nwaanyá»‹ á»ma banye na app store chá»ta SwiftKey. Mgbe nwetere ya, ghoputa asá»¥sá»¥ Igbo na asá»¥sá»¥ ndá»‹ á»zá» á»‹ chá»rá». á»Œ ga dá»‹rá»‹ gá»‹ na nma",positive,positive,positive
"Nwa nna, O'ga dili gi mma.. [URL]",positive,positive,positive
@user Aka chukwu di yağŸ¤£,positive,positive,positive
"Ifunanya, ahu o di gi mma? [URL]",positive,negative,negative
@user Daalá»¥ nwoke oma,positive,positive,positive
"@user dede m, anam ekele. Ihe n'ile eme di nma. Chukwunna gba gi ume ma nye kwa gi Ike. Amen",positive,positive,positive
"Agam asi ya mma mma. Mma mma Jesus, onye ebere! #STIR[NUM]",positive,positive,positive
Ndi ana agbalu mbo.â¤ God bless them. [URL],positive,positive,positive
"#SunriseService â™ªâ™ªOtu a ka Chineke anyi ra Agidigba o, Agidigba ooâ™ªâ™ª @user @user @user",positive,positive,positive
@user Chineke kere ihe oma ebea,positive,positive,positive
@user @user Ofu onye anasi unu abiala... Dimkpa ekelem gi ğŸ™ŒğŸ¾ğŸ™ŒğŸ¾ğŸ™ŒğŸ¾ğŸ™ŒğŸ¾ Odogwu,positive,positive,positive
"Ojadike nÃ  kpá» á»dogwu ugboro abá»¥á», n'á»¥bá»chá»‹ nke ndá»¥ nÃ  n'á»¥bá»chá»‹ á»nwá»¥...... á»Œdogwu @user ekene ngi ma kene kwa ife nÃ¡ e kweru gá»‹ egwÃº...... Ya dá»‹rá»‹ gá»‹ nÃ  mma á» ğŸ™ŒğŸ™ğŸ’ª [URL]",positive,positive,positive
"[NUM] page, headache burst... echi gaa bu echi omaâœŒ",positive,positive,positive
"#Woship @user leading @user in the song """"""""""""""""Odighi onye di ka gi"""""""""""""""" #ThanksGivingService #HOTRService",positive,positive,positive
"God's time is the best. Oge Chukwu ka'nma! ğŸ™ğŸ¾ #UnilagOlodo @user VGC, Lekki [URL]",positive,positive,positive
"@user Ututu oma, nwanne'm nwanyi.",positive,positive,positive
Happy Birthday @user. Ezigbote Mmadu. Chukwugozie gi.,positive,positive,positive
ğŸ¶ Onyedikagi Ekene diri gi Onyene mema ğŸ¶,positive,positive,positive
@user @user @user Onye Amuma Uche ğŸ™Œ,positive,positive,positive
@user @user Odogwu di OK,positive,positive,positive
"@user @user @user Onye ajuju agighi e fu uzo... kam ju kwa aju, hohaa!",positive,positive,negative
"Ekele dá»‹rá»‹ gá»‹ Ã³nyÃ© kÃ©rÃ© eligwe n'uwa. á¹„ara mbá»¥ li Ã©lÃº. Ã“nyÃ© mÃ¨rÃ¨ kÃ  anyá»‹ há»¥ á»¥bá»chá»‹ nke tÃ , á¹…ara ekele na ojija mma nÃ¡ Ã¡hÃ  Jizá»s Kraá»‹st bÃº onye nwÃ© anyá»‹. AmÃ©n.! á»¤ná»¥ Ã¡ bolachi.",positive,positive,positive
Happy birthday Didi nwa! Nwa eji eje obodo oyibo!â€¦ [URL],positive,positive,positive
@user @user Chai.... ka chukwu gozie giğŸ˜‚ Amen!!!,positive,positive,positive
Ada ada ..ezigbo oriaku...Oga Adiri gi mma [URL],positive,positive,positive
@user Aya gi Amaka.. ğŸ˜ğŸ˜˜,positive,negative,positive
Nwa Igwe of Afikpo ğŸ‘‘ Nma n'ma nu. Udo diri umu nne'mğŸ™ğŸ½ #UrhoboGarment ğŸ˜ğŸ‘ŒğŸ¾ #IgboKwenu #UrhoboWadoâ€¦ [URL],positive,positive,positive
Onye Chukwu telu mmanu na him dey wear the crown.,positive,positive,positive
"#BCCGloryCentre Praise &amp; Worship... """"""""""""""""Onye ke lu wa E mela, e mela E mela o o o E mela o o o Onyekeluwa e mela""""""""""""""""",positive,positive,positive
ğŸ¤Chukwu oma Onye oma nna Chukwu oma Chi ObiomağŸ¤ #DCService #FirstService #Praises,positive,positive,positive
"@user #Mgp.. Ututu oma Ndi be anyi, ofu Asusu gamasim imuta bu asusu Yoruba maka na ya bu asusu na-agbakam isi Oge obuna Ana asu ya",positive,positive,positive
"If an anambra man loves you.... Nwanne, Chukwu agozi go gi...",positive,positive,positive
@user @user Ifugo ihe m na-ekwu since... Amara bu Eze nwaanyi,positive,positive,positive
Congratulations @user Odogwu eji eje Mba na Uwa nile.,positive,positive,positive
@user Ezege chukwu gozie giğŸ‘,positive,positive,positive
@user AmaÃ¡ wu so nma Nwanyá»‹ eji eje mbÃ ,positive,positive,positive
#TWHMidYearThanksgiving â™ªEchetawom ihe omere Jesus onye obi omaâ™ª @user,positive,positive,positive
@user Onye ndu obodo Enugwu bu Ifeanyi Ugwuanyi bu ezigbo onye ndu nwere egwu Chineke. Ka anyi puta nu n'igwe binyere ya aka na ubosi ntulika na abia abia. #VoteUgwuanyi,positive,positive,positive
"@user @user @user @user Nwanne, ifea ruru onye obula... Ututu bu so nma.. Me I wan go play ball sha",positive,negative,positive
"Brotherly. á»¤dá» di Anyá»‹ na Cho aká»¥, nke si aka Chukwu. á»Œkwa Lagos kam ná» kita [URL]",positive,positive,positive
@user Udo diri gi nnem,positive,positive,positive
"Goodnight ndi nkem .. chukwu gozie unu nile na otu na otu , Amen!",positive,positive,positive
@user @user @user @user @user @user @user @user @user @user @user Dan nwoke á»ma ğŸ˜Š,positive,positive,positive
Best wishes to a good man @user. Chukwu gozie gi Gozie ije gi n'ile Goziekwa aka oru gi Have an amazing year. Happy birthday mate!,positive,positive,positive
"Anyi n'cha bu ndi afia ! Ututu oma ndi nwem na ndi mu'nwe... Ka ogazie're anyi ğŸ’¥ #marketmens #everythingmerchant cc chinosobishop @user Lagos, Nigeria [URL]",positive,positive,positive
#NP: Chukwu Agozi Go Gi Remix By @user ft @user @user on #PartySaturday with @user,positive,positive,positive
Chinecherem Odighi onye di ga ki Eze nâ€™aram ekpere Oku nâ€™erere Onye nzoputa He never fails ğŸ™ŒğŸ»,positive,positive,negative
@user Lmaooo. Chinwe nwa mmadu,positive,negative,negative
Jehovah Idi Egwu Jehovah Idi Egwu Jehovah #praise #[NUM]dservice #rogicabuja,positive,positive,positive
Ada oma!!! Daalu ğŸ˜ŠğŸ˜ŠğŸ™ğŸ½ğŸ™ğŸ½ğŸ™ğŸ½ [URL],positive,positive,positive
Otito diri Chineke n'elu kasi elu n'uwa Udo diri mmadu ndi ihe ha n'aso Chukwu.,positive,positive,positive
Chai.. Ogene ndi nso [URL],positive,positive,negative
Itâ€™s Mothering Sunday today. Ndi nne Mama! Esokwam!!!,positive,positive,positive
Aka aka ya Aka Jehovah na 'eme mma O lu ebube ya Nke na eruani na 'ebem no Isi iyi nke ndu Nke na dighi ata ta Aka aka ya #Worship,positive,positive,positive
"Ijeawale, ka muna chim si ga Safe journey @user Igbo Ndi Oma [URL]",positive,positive,positive
"Aru kwusi!! Si doziwe obodo ka obodo di mma! Ekene m nwoke kene nwayi! Ekene m olisa, kene ive na-emelu unu ive, Kene ive unu na-emelu ive, Kene Ichie ukwu Kene nta, Kene Onwa Kene Nnewi! Udo âœŒğŸ¾ [URL]",positive,positive,positive
@user haha. Nsogbu adiro. Hopefully next week ka anyi ruo,positive,positive,negative
"@user Ochiee, nsogbu adiro",positive,negative,negative
@user Nsogbu adiro . Chukwu ga agba gi ume,positive,positive,negative
@user Chukwudi gozierem Gi Ezigbo Nwa Afo Igbo. I ha adÃ­.,positive,positive,positive
@user @user á»Œbá»¥rá»¥ nÃ¡ Nigeria ga ekwe nÃ  ife ndá»‹ á»‹gbá» kwá»¥rá»¥ á» dá»‹rá»‹ Ã²nye enu ma Ã²nye ani mma...... Ha nye ndá»‹ á»‹gbá» president Nigeria kÃ  ife dá»‹ mma... Okwute ndá»‹ á»‹gbá» ga adá»‹ mma @user,positive,positive,negative
@user Zion obodo ZION! Zion Obodo ZION!! kpá»kuru m ya ZION! Kpá»kuru m ugboro abá»¥á» ZION ZION kpá»kuru m Ya ugboro atá» ZION ZION ZION Obodo á»ma ZION ZION ZION ZION ğŸ•ºğŸ’ƒğŸ•ºğŸ’ƒğŸ•ºğŸ•º,positive,positive,positive
Nne ...nyem u aka gi . Ka i na ga obodo oyibo . Nwanyi ma ra mma [URL],positive,positive,positive
Ututu oma Asa m [URL],positive,positive,positive
@user Udaegbendinso! Let's clean and sanctify the air after knack. Ka chukwu mezie okwu. [URL],positive,positive,negative
"Meta onye dimma enyi, maka olulu",positive,positive,positive
Congrats Onye mpağŸ™Œ [URL],positive,positive,positive
Ka anyá»‹ na-amutaâ˜ºï¸ Ndeewo ná»¥ á»¥má»¥ Igbo. [URL],positive,positive,positive
@user Ihe nkea gwá»¥rá»¥ ike ğŸ˜‚,negative,negative,negative
@user Kelvin hapum na ike ochi adirom biko. These people na agbawa mmadu obi.,negative,negative,negative
Ara gba gbo kwa gi ebe ahu ino [URL],negative,negative,negative
@user Nna Ike gwuru oo... Mediocre mentality,negative,negative,negative
@user Lmao! Ndi a ruo nno ha na e kwugheri ka ndi isi mgbaka! ğŸ˜‚ğŸ˜‚ğŸ˜‚ğŸ˜‚,negative,negative,negative
á»¤wa a enweghá»‹ isiğŸ˜­ğŸ˜­ğŸ˜­,negative,negative,negative
@user E nwero nsogbuğŸ˜Š,negative,positive,negative
@user @user @user @user @user Chineke kpoo gina ncha gi oku dia.. Ps mine was as a result of excess caffeinated stuffs in my bloodstream Caffeine anyi nuru mgbe anyi na agu akwukwo na mahadum chekwanu na anyi guchaa ozugbo daputa anyi enweta oru ozugbo butebee ego oyibo..,negative,negative,negative
@user á»¤zá» emebi sá»‹ go,negative,negative,positive
"@user @user @user Onweghi much. O bu otu ochi @user chiri jiri too gi, gi were chia, mere o ji too m pieces, m were chia nke m. The ochi di infectious.",negative,positive,negative
Nwunye onye highway...... agá»¥ adá»‹ghá»‹ eri agá»¥ nağŸ¤£ğŸ¤£ğŸ¤£ [URL],negative,negative,negative
"Lmao, in igbo we ask """"""""""""""""i ga a buru ogbenye buru amusu?"""""""""""""""" ğŸ˜‚ğŸ˜‚ğŸ˜‚ğŸ˜‚ [URL]",negative,negative,negative
Nwa bu Onye oshi [URL],negative,negative,negative
Haha... nsogbu di kwa [URL],negative,negative,negative
@user @user @user @user No mind am.. Ochiee with ajá» á»ná»¥ ğŸ¤£,negative,negative,negative
@user @user What about we ndi Obio-Akpor ğŸ˜‚ğŸ˜‚ğŸ˜‚ğŸ˜‚,negative,negative,negative
@user ğŸ¤£ á»Œná»¥ ya bá»¥ nsi. With that her nnewi accent,negative,negative,negative
@user Ndá»‹ mmadá»¥ na-agba ala na this app...,negative,negative,negative
@user Nna mehn! Ike gwuru ooğŸ˜­ğŸ˜© ndo oh ?,negative,negative,negative
"@user @user @user @user @user @user @user @user @user @user @user Ocho okwu, hapu m aka.",negative,negative,negative
"@user @user @user @user Dee godu ifeâ€™a ka ifele me ekwensu, Ada di Ora mma. ğŸ˜",negative,positive,positive
@user @user @user @user @user @user @user @user @user @user Ndá»‹ mpia ka sá»‹ [URL],negative,negative,negative
@user @user ibu onye nzuzu. Get a life,negative,negative,negative
@user @user @user Never make promises you cannot keep. @user ga aju gi utali. Kwadokwa je sekpulu ani na Aso Villa. ODIBO.,negative,positive,negative
@user ğŸ˜‚ğŸ˜‚ğŸ˜‚ğŸ˜‚ğŸ˜‚ekwensu racha gi Ike got me there,negative,negative,negative
@user @user @user Ibu onye iberibe,negative,negative,negative
"@user Oohh, egwu dikwağŸ¤¯.",negative,negative,negative
Bia ndi ara @user oya o [URL],negative,negative,negative
@user @user á»Œ di egwu ğŸ˜‚,negative,negative,negative
@user @user I-na atupuru ndi mmadu onu,negative,negative,negative
"@user @user @user @user @user @user @user Nkita Ra chi gi ike, nonsense otele okukor",negative,negative,negative
Venita!! Mechie onu gi!!!!,negative,negative,positive
@user He must send á».. Ka m je sute atikpa m ga eji megherie ya anyağŸ˜‚,negative,positive,negative
"@user lol okwa no queue, I can imagine myself, taa nya gbaa kwa oku",negative,negative,negative
@user Nke gá»‹ na apá»¥ iche ğŸ™„ğŸ™„ğŸ™„,negative,negative,negative
"@user It's entering the case of Ã¬hÃ¨ á»já»á» gba afá», á» bá»¥rá»¥ omenala",negative,negative,negative
â€œSlut shameâ€ Oyibo twitter BBN. Ndi ara,negative,negative,negative
@user @user ğŸ˜‚ ğŸ˜‚ ğŸ˜‚ ğŸ˜‚ ğŸ˜‚ ğŸ˜‚ ğŸ˜‚ ğŸ˜‚ ğŸ˜‚ Onye á»ná»¥ á»já»á»,negative,negative,negative
@user E ji m gi ğŸ¤·ğŸ¾â€â™‚ï¸,negative,positive,negative
@user @user Ahhhh sunshine is lucky ooğŸ˜©ğŸ˜©ğŸ˜©ğŸ˜© Chineke ruo ole mgbeğŸ™ğŸ½ğŸ™ğŸ½ğŸ™ğŸ½,negative,negative,positive
Tufiakwa!!! Ike obodo a agwula m.,negative,negative,negative
@user á»‹ bá»¥ghá»‹ ndá»‹ na-ege m ntá»‹ ğŸ˜,negative,positive,negative
Normalise gbakwa gi oku ebe a. [URL],negative,negative,negative
Onye nkwu eri ğŸ™„ [URL],negative,negative,negative
@user @user Hapu the nwa Assumption ka ndi mmadu ji e miss ngozi ha ğŸ¤£,negative,negative,negative
@user @user @user @user Okwa ndi oso chi egbu ğŸ¥º,negative,negative,negative
@user @user @user Don't mind the wicked somebody.... Ndá»‹ afá» á»já»á»,negative,negative,negative
@user Hey! Hahaha Unu ya egbukwa mmadu,negative,negative,negative
@user @user Isi adirá» gá»‹ mma eziokwu m,negative,positive,positive
@user @user Meeeeeen! Ike gwuru.,negative,negative,negative
@user @user @user @user @user Isi adighi the girl nma,negative,positive,negative
Ada rapukene phone zuon'ike. Isi owuwa ğŸ˜­,negative,negative,negative
@user @user @user @user @user á»Œ gwá»¥rá»¥ má»¥ ike mehn!,negative,negative,negative
Open marriage go soon pave way... Onye Ike gwuru o ji nwayo puo. Tuo down lukwa onye ozo,negative,negative,negative
Unu abá»¥á» rie nsá»‹ [URL],negative,negative,negative
Ndi egbuwara isi [URL],negative,negative,negative
"@user @user No mind that one, eze á»¥má»¥ agbá»ghá»",negative,negative,negative
@user Lawyer wey no Sabi hÃ¬n work nká» o. Na SUEGBE OOOğŸ¶ğŸ¶,negative,negative,negative
"@user @user @user @user Nwanne, I nwe onu ajo. Jiri nwayo, biko",negative,negative,negative
@user Nnah ehhğŸ¤£ğŸ¤£ ndi Chineese a biakwa ozo,negative,negative,negative
Na now day break. Ndi ara... [URL],negative,negative,negative
Lord Lugard Onye ala!!! #EndSARS #EndSarsNow,negative,negative,negative
@user Oji boobs eme ogoğŸ˜,negative,negative,negative
@user @user Biko hapum aka... Anom lent ndi uka anyi..,negative,negative,negative
@user ğŸ˜‚ğŸ˜‚ğŸ˜‚ Mana i me ihe dá»‹ njá» m nye gá»‹ red flag ğŸš©,negative,negative,negative
@user Ike va gwá»¥rá»¥ mmadá»¥.,negative,negative,negative
Kamharida - HaridağŸ˜ğŸ˜ğŸ˜ Chaii afa nke a sogbuem [URL],negative,positive,positive
Obere oge chineke ga akpo ya oku [URL],negative,negative,negative
"@user @user @user @user @user @user @user @user @user @user @user ğŸ¤£ O kwa onye kwuo eziokwu, akpogbuo ya n'obeâœï¸",negative,negative,negative
@user @user Ike Gwuru o. Ukwa na dakwaraná»¥ ndá»‹ amaghá»‹ api. For real,negative,negative,negative
@user hey strangerğŸ™‹ Amu na ekene gi oooo,negative,positive,positive
[NUM] emeela anyi ihe á»já»á»,negative,negative,negative
@user @user @user O gabuziri onwe ya na church?!ğŸ˜«,negative,negative,negative
"Owu saa gi, i mara ihe. [URL]",negative,positive,positive
"@user Hapu onye aghugho, agwo!",negative,negative,negative
@user Tueh nke gá»‹..... ğŸ¤£ ğŸ¤£,negative,negative,negative
@user @user @user ğŸ¤£ ğŸ¤£ ğŸ¤£ Biko rapum... Kedu mgbe o?,negative,negative,negative
@user @user á»Œ di ka o nwe k'o si eme gá»‹ na ará»¥ ğŸ˜ğŸ˜ğŸ˜,negative,positive,negative
"Inserts grandmom concerns, bia onye ka ina akpo crackhead. Kwusi kwa okwu iberiberism gi kitağŸ™„ [URL]",negative,negative,negative
Otu Nne unu nile mshewwww [URL],negative,positive,positive
@user Lmaoooo Onye ala ğŸ˜‚,negative,negative,negative
@user @user @user Eze ga agwu gi na onu.,negative,positive,negative
@user @user Chukwu po gi oku ne fa Jesu,negative,positive,positive
Energy ndi mmuo [URL],negative,negative,negative
@user Onwebedii ihe ifuu ğŸ˜‚,negative,negative,negative
Egwu nke a ririm á»ná»¥ bikoğŸ˜‚ğŸ˜‚ğŸ˜‚ ike gwá»¥rá»¥ ğŸ˜¢ [URL],negative,negative,negative
@user @user @user â€œNon consultationâ€? O di egwu.,negative,negative,negative
@user ğŸ˜‚ğŸ˜‚i bu onye ala!! Literally!!ğŸ˜‚ğŸ˜‚,negative,negative,negative
@user @user @user á»Šdá»‹ á»ná»¥ ka vayolence,negative,negative,negative
@user ğŸ˜‚ğŸ˜‚Ndi na azi Papi adighi anu ife sha,negative,negative,negative
@user @user @user @user @user @user @user Chukwu napá»¥ta ekwensu ike. Aburo m onye ntá»¥. A bá»¥ m lezibianu,negative,negative,negative
@user @user @user @user @user I donâ€™t support rape or iti mmadu alika akwu by fire by force.. Kama udi ahu onye obu jiri nwayo jee choro ulo akwuna di ya nso jee hupu the thing one time..,negative,negative,negative
@user ğŸ˜‚ğŸ˜‚ğŸ˜‚ Isi adiro gi mma okwa ya,negative,negative,negative
@user @user @user @user @user @user @user Ndá»‹ mmadá»¥ chá»rá» á»‹mujuru Chineke á»¥wa ya.,negative,negative,negative
"#Igbo #IgboTwitterCommunity #IgboTwitterHangout Nne iwe na-ewe gá»‹ o! á»Œ kwá» aka nwada ka á»‹ kpá»lá»¥ ogede gbalá»¥ á»ká»¥? Mana á»gwá»¥ gá»‹ a, e nwekwalu akara ndá»‹ NAFDAC? #á»Œgwá»nná»¥á»rá»‹a ğŸ˜ [URL]",negative,negative,negative
@user Ekpa. Nzuzu. Onye Uya.,negative,negative,negative
Nkita rawachakwa gi anya ğŸ˜¡ğŸ˜¡ğŸ˜¡ğŸ˜¡ [URL],negative,negative,negative
Ndi Enugu Nsogbu dizi already [URL],negative,negative,negative
Lol love n'anya gbuo gá»‹ ebe ahá»¥ [URL],negative,negative,negative
@user Nne iwe di gi n'obi na ututu a.,negative,positive,negative
@user @user @user ğŸ¤£ğŸ¤£ğŸ¤£ onye oshi azuru azu,negative,negative,negative
@user @user Mechie nu Ånu! (translated in Igbo) ğŸ˜†,negative,negative,positive
@user Love gbakwa oku!!!,negative,negative,negative
Lol onye ara ndi uwa [URL],negative,negative,negative
@user @user @user @user @user Nke a kariziriğŸ¤¨,negative,negative,negative
@user Harrison ihe nke a obu eko ole hahahah ğŸ˜‚ğŸ˜‚ğŸ˜‚,negative,negative,negative
@user nwannem sorry o.. Jack bu ndi ara,negative,negative,negative
@user @user @user Ada so ina acho okwu?,negative,negative,negative
Lmao Onye nsogbu [URL],negative,negative,negative
@user Ndi ala juru ebea ğŸ˜‚ğŸ˜‚,negative,negative,negative
Ihe nke a odighi egwu?? [URL],negative,positive,negative
@user Nke gi di ajo badğŸ¤£,negative,negative,negative
Ndá»‹ á»nu á»já» ğŸ˜ğŸ˜ [URL],negative,negative,negative
@user chike idi ka onye ga na acho okwu,negative,positive,negative
@user Kitikpa gbagbuo gi thereğŸ™„ğŸ˜,negative,negative,negative
@user Mechie á»ná»¥ biko. I na akogheri,negative,negative,negative
"Awka bâ€™anyi ogini na-eme?? Akwa alili egbugom,onye gburu nwanne ya abughi Odogwu. Kedu mgbe anyi ga-akwusi igbu onwe anyi make otu nzuzo? @user @user @user @user umunnem,biko neenu na ndi Awka ibem anwuchago. Awka teeta nâ€™ura, na mmiri na-eri anyiğŸ˜­ [URL]",negative,positive,negative
@user ğŸ˜‚ğŸ˜‚ğŸ˜‚ğŸ˜‚ğŸ¤£ğŸ¤£ğŸ¤£ğŸ¤£ğŸ¤£ Odibero late ooh.. Inwelu ike iweputa di Amu na express ozugbo,negative,negative,negative
Igbo kwe piwa gi Onu there [URL],negative,negative,negative
@user @user @user @user @user @user @user @user @user @user Biali Biali Biali..... So á»¥má»¥ Ã¡kÃ¡ gá»¥rá»¥ gá»‹ census ğŸ˜‚ğŸ˜‚ğŸ˜‚ á»Šdá»‹ sure na iji onwe gá»‹ Ã ka?,negative,negative,negative
I nwaa ya anwaa m gbajie gi ukwu! Lol [URL],negative,negative,negative
"Bia onye okpo ntu Shey you call Sega fraud, well read this. Nkita ala [URL] [URL]",negative,negative,negative
@user Odikwa egwu oo,negative,negative,negative
@user @user Ina eduhie onye amuma uzo Mara kwa na iga eketo oke na njo ogbugbu yağŸ˜,negative,negative,negative
"@user @user @user ğŸ˜†onye oshiğŸƒ, nke gi na apu iche! Smh â˜¹ï¸",negative,negative,negative
Nke a wu nno mmonwu ngba dike lool,negative,negative,negative
@user Nezá»‹e ná»¥ á»‹má»‹ dá»‹ka apá»‹lapá»‹ğŸ˜‚ğŸ˜‚ğŸ˜‚,negative,negative,negative
@user Ahá»¥ adá»‹ghá»‹ gá»‹ ğŸ˜‚ğŸ˜‚ğŸ˜‚ğŸ˜‚,negative,negative,negative
"No leave, No gini? Thunder gbuo ghi!!! #bbnaija",negative,negative,negative
Chuba onyea oso ka onye ori phone,negative,negative,negative
@user Ihe nkea di egwu.,negative,negative,negative
Omo na Person go dey date that [NUM] babe...Gosh I hate messy people..Chukwu ekwela ihe ojooo,negative,negative,negative
[NUM]m -- Ego orji? Chineke mgbe ole? [URL],negative,positive,positive
@user @user Nke gi ka njo olekwalu gi ebea,negative,negative,negative
@user @user Sugar man u haff killed arsenal fans Sugar igbugokwa mmadu dis night,negative,negative,negative
@user @user @user ğŸ™„ğŸ™„ğŸ™„ á»Œ chá»á» okwu,negative,negative,negative
Nsogbu abatago !!ğŸ˜‚ğŸ˜‚ Dorathy with the ğŸ¥µ #BBNaija,negative,positive,negative
@user ğŸ˜‚ğŸ˜‚ğŸ˜‚ğŸ’”ğŸ˜­ğŸ˜­ Odi egwu oo,negative,negative,negative
@user O gosiri na ubiam n'aku aka ná»¥ á»¥zá» gá»‹. Bá»‹ká» mepelu ya á»¥zá»!,negative,positive,positive
Ndá»‹a egbue mmadá»¥ ğŸ™†â€â™‚ï¸ğŸ™†â€â™‚ï¸ So ha ma á»¥ma enye madu stress? [URL],negative,negative,negative
@user @user Ike gwu. ğŸ˜‚ğŸ˜‚ nwata achoro biko. Ndi ala erika ebea,negative,negative,negative
@user Amen o! Ike gwuru nne,negative,negative,negative
Ka[NUM]na ga aragbu kwa á»Œzá» ma the boy nye ya chance ğŸ˜‚,negative,positive,negative
@user @user God when gbuo gá»‹ n'ebe ahá»¥,negative,negative,negative
"I read """"""""""""""""kitikpa gba gbuo gi na empathy"""""""""""""""" in my father's voiceğŸ˜‚ğŸ¤£ [URL]",negative,negative,negative
@user @user Ogbenye onu ojoor,negative,negative,negative
@user The man bu ezigbote onye mgbu.,negative,negative,negative
@user á» maka ndá»‹ Yoruba. ha na-achá» á»‹kpata nsogbu,negative,negative,negative
@user @user Amadioha pia gi onu,negative,negative,negative
@user @user @user Manna gbuo gi dia. ğŸ™„,negative,negative,negative
@user Chiwetalu Ahá»¥ needri á»‹bá»‹a má»¥á» á»rá»¥ n'aka gá»‹. á»Œná»¥ gá»‹ ajoka!,negative,positive,negative
Jesus kpo gâ€™okwu dia [URL],negative,positive,positive
"Dear Uzoamaka, Rie nsá»‹... Riwaa nsá»‹ onu. Riwapu ndá»‹ á»ná»¥... Signed, @user [URL]",negative,negative,negative
Let me jejely deactivate my account ... odi egwu,negative,negative,negative
@user Ahhhh! Chineke mgbe oleeeee????ğŸ˜­ğŸ˜­ğŸ˜­,negative,positive,negative
"Onye ara, o n wa y'ara. This geh is madğŸ˜‚ğŸ˜‚ğŸ˜‚ğŸ˜‚ğŸ˜‚ğŸ˜‚ğŸ˜‚ [URL]",negative,negative,negative
"@user Nna ehhh, ike gwurum. Obulu na SE kita, ndi uchu ekwube nonsense",negative,negative,negative
@user Ahhhh Uchenna onu gi adiro mma at all,negative,negative,negative
@user Mana umuazi abakpa ewelugo Amu gi mee Biology asainmenti.,negative,negative,negative
K'am ju kwa o... Kedu ebe unu si afu ndi nzuzu? ğŸ¤” [URL],negative,negative,negative
Ndá»‹ ala Ndá»‹ ala Ndá»‹ ala Ndá»‹ ala! Lekwa fa Lekwa fa Lekwa fa Lekwa fa! [URL],negative,negative,negative
@user @user Leemau o gbala gi thrice nwanne,negative,positive,negative
@user @user @user @user @user @user @user @user @user @user @user Singu pringus obi akpo. I tagged ypu to see nkwobi. Onye nsogbu,negative,negative,negative
NP// Onye Ara - @user ON #DanceParty W/ @user #DjEnigmaMixUp,negative,positive,positive
@user keduzi ka isi ekwu ka onye ihe mere na onu? Ujo ndi na aga ije agwo ona atu gi? ğŸ¤£ğŸ¤£ğŸ¤£ğŸ¤£ğŸ¤£ Biko kwusie okwu ike ğŸ˜ #IsiKoteEbu [URL],negative,negative,negative
@user money gbuo gi dia ğŸ˜’,negative,negative,negative
@user Nnakwaa nke gi ğŸ˜,negative,negative,negative
"@user Dede were ya nwayá»á», obi gá»‹ já»¥rá»¥",negative,positive,negative
Haha e welu accent su chie mmadu nti [URL],negative,negative,negative
@user Iwe dá»‹ á»ká»¥ enweghá»‹ ike isi nri jikere. #OneBigNigeria,negative,negative,negative
@user @user @user @user @user @user @user Adika imaghi ihe ina ekwu??? [URL],negative,negative,negative
Ara gbakwa gi there Sell fire [URL],negative,negative,negative
See ehn. Ike Ndi mmadu agwugom. ğŸ¤¦ğŸ¼â€â™€ï¸ğŸ™„,negative,negative,negative
"@user @user @user Person wey no get sense. Nwanne laugh ur laf jaree, hapu onye nzuzu",negative,negative,negative
@user @user Just respecti ya onwe gi now! ğŸ™„ğŸ™„ğŸ™„,negative,negative,negative
NP Ara ga agba ndi ara - @user ft @user // #DreamLounge with @user &amp; @user #ThrowbackThursday ğŸ“»ğŸ“»,negative,positive,positive
@user the guy ekwubee ihe na egbu ya! Nudes darris flying upandan? ğŸ˜,negative,negative,negative
@user Ma á» bu i gbawa shi mkpá»¥rá»¥ amá»¥ ndá»‹ nzá»¥zá»¥,negative,negative,negative
Bia taa abacha St. Peterâ€™s agulu or nke amaike Na Afor AguluğŸ¤¤ğŸ¤¤ [URL],negative,positive,positive
"Ndi ojoo,umuaka isi mebiri [URL]",negative,negative,negative
Agbara gi ogwu anwu na nti ğŸ˜’ [URL],negative,negative,negative
@user Izuu mmaa gi ula eh ğŸ˜‚ğŸ˜‚,negative,negative,negative
Kedá»¥ ihe mmadá»¥ ji isi kote ğŸ˜‘,negative,negative,negative
@user As in eehhh... Ike gwuru this children...,negative,negative,negative
@user Standing solidly with you dearie. Ekwensu nalá»¥ Chineke ike biko,negative,negative,negative
@user @user @user I na tupuruya Onu...ğŸ˜‚,negative,negative,negative
@user @user O siná»á» Volkswagen ğŸ¤£ğŸ¤£ğŸ¤£ğŸ¤£ğŸ¤£ Iwe jikwa gá»‹ ğŸ¤£,negative,negative,negative
"@user @user @user Ezi bida, anu mpanu, eze umunwaanyi....Buru onwe gi zuzupu ebe a",negative,negative,negative
@user @user ğŸ˜‚ ğŸ˜‚ ğŸ˜‚ ğŸ˜‚ ğŸ˜‚ I gbuo ya ka onye country[NUM],negative,negative,negative
@user Nna ife uwa nke a egbugom,negative,negative,negative
Nigeria obodo ndi ala [URL],negative,negative,negative
@user Gerrout ğŸ˜‚ğŸ˜‚ğŸ˜‚ Unu na a like á»‹chá» okwu.,negative,negative,negative
@user @user @user @user @user @user @user @user @user @user Egwu á» na-atá»¥ gá»‹?ğŸ¤£ğŸ¤£ğŸ¤£ğŸ¤£,negative,negative,negative
@user @user Nne biko no vex. The Ebuka bukwa confusion to me Biko.,negative,negative,negative
@user @user Achikota ekwe onu. Arne banza.,negative,negative,negative
@user @user Nkita racha kwa ya anya ebe ovona ono.,negative,negative,negative
Ike anaghá»‹ agwá»¥ unu na this appğŸ˜‘ [URL],negative,negative,negative
@user ğŸ¤£ğŸ¤£ğŸ˜…ğŸ˜…ğŸ˜…ğŸ˜… ihe nkea o bu rice...,negative,negative,negative
@user @user Unu na a like i kpará»‹ mmadá»¥ ğŸ˜­,negative,negative,negative
No be small nzuzu ğŸ˜‚ [URL],negative,negative,negative
@user @user @user Ala gbarie gi isi,negative,negative,negative
Lmaoooo Iwu onye arağŸ˜‚ [URL],negative,negative,negative
lol Okwu Nkasi obi [URL],negative,negative,positive
@user Ndi mmadu asigbuo onwe ha,negative,negative,negative
@user E n'eye ezigbo Nsogbu ğŸ˜¥,negative,negative,negative
@user @user @user Onye nsogbu ke ife á»‹má»¥ anya eme,negative,negative,negative
@user Cho wa gi onu there,negative,negative,negative
@user ğŸ˜‚ğŸ˜‚ğŸ˜‚... Rubbish aburokwa obere rubbish o. Ndi ara. [URL],negative,negative,negative
@user Isi adiro gi nmağŸ˜‘ğŸ˜‘ğŸ˜‘,negative,negative,negative
@user Person wey I Dey hear the igbo at least [NUM]%. Gbachipu Ndi ara nkiti.,negative,negative,negative
@user Ke nwa onye ara di ihe ahu?,negative,negative,negative
Odikwa egwu my brotherğŸ˜‚ğŸ˜‚ğŸ˜‚ [URL],negative,negative,negative
Chineke nna buo gá»‹ á»á¹…á»¥ [URL],negative,positive,positive
"@user @user Bia nweta gá»‹ there ğŸ™„, daya kowai ni ka so, ni kadai",negative,negative,negative
@user @user Meru gá»‹ná»‹ zi.... Nnem hapá»¥ á»bara Jesu ka ozua ike biko,negative,positive,negative
Ara di nâ€™udi nâ€™udi mana o nwere ndi ara nke ha na a gba ha ara!,negative,negative,negative
@user @user Onu gi di egwu.,negative,negative,negative
Chineke Nna eh!!! Olee mgbe Aliko g'abu my Brother????ğŸ˜­ğŸ˜­ğŸ˜­â˜¹â˜¹â˜¹ [URL] [URL],negative,negative,negative
Taaaaaaaaah! mechie onu gi. [URL],negative,negative,negative
"@user @user Mba o, nke ah bu ewu awusa",negative,negative,negative
Me chie onu gi. [URL],negative,negative,negative
@user O ge me gi voom na anya,negative,negative,negative
@user @user @user @user ğŸ˜„ğŸ˜„ Umu nwoke ndi a sef,negative,negative,negative
@user Eeye! Okwa i madi na business m gbalu oku ?,negative,negative,negative
Enugu tomorrow morning inshaa Allah. mmadá»¥ ga-agwá»¥ ike,negative,negative,positive
@user Nna ike gwu kwaa,negative,negative,negative
@user @user @user @user @user @user @user Wetin persin no know pass am abeg. Hapu ya ka ona ekwugheri first. Blasphemy,negative,negative,negative
@user @user O di egwu oooo!,negative,positive,negative
@user Hapá»¥ ndá»‹ mgbu,negative,negative,negative
"A na abu onions. Chai, onye mere anyi ihe a?",negative,positive,negative
@user Ike gwá»¥rá»¥ eziokwu,negative,negative,negative
@user @user @user @user @user Onye nyetu Gá»‹ enye gwara ğŸš¶â€â™‚ï¸ğŸš¶â€â™‚ï¸ğŸš¶â€â™‚ï¸,negative,negative,negative
@user Chiwa gi onu there,negative,negative,negative
@user @user Bá»‹a mechie m á»ná»¥ naww [URL],negative,negative,negative
@user @user @user á»Œná»¥ á»já»á» ya erika... Don't mind him!,negative,negative,negative
@user Ndi ara juru ebe Nile Na EzuzuğŸ˜ğŸ˜,negative,negative,negative
"We apologize wahala, we no apologize nsogbu... Na wa [URL]",negative,negative,negative
"@user Tah, kwá»¥chie á»ná»¥! Aná»¥!",negative,positive,positive
@user @user @user ndi ofe nmanu ga eri Anu gi,negative,negative,negative
Ara gi no oru men. Kpuchie ya [URL],negative,negative,negative
Onye nzuzu.. Okpo [URL],negative,negative,negative
@user ğŸ˜‚ğŸ˜‚ğŸ˜‚ afo gha sa ghi.,negative,negative,negative
Onye nka osikwa ebee riputa? Gbarie door biko [URL],negative,negative,negative
"@user @user @user @user @user Ewu hausa, aturu fulani. E ga tagide afufu nu uwa. Just negodu gi. Ka isi ezuzu",negative,negative,negative
@user Nne m ooh. Nsogbu dá»‹.,negative,positive,negative
@user @user nne hapu ndi uchu,negative,negative,negative
@user @user @user @user @user @user Pastor Yemi Osinbajo is actually THIEF. Barawo Onye Oshi Oleeeeeee [URL],negative,negative,negative
"Ike guru nwanne ,ğŸ˜’ Ihe nke o rice ğŸ™„ [URL]",negative,negative,negative
@user Adá»‹ghá»‹ asá»‹ ndo ğŸ˜‚ğŸ˜‚ğŸ¤£,negative,negative,negative
"I donâ€™t understand?? Ihe a ikwuru ugbÃ¹a , owÃ¼ ihÄ— anyi si gi kwu o? END SARS Abeg ! Osi no o â€œ I met with the IGP tonight â€œ Mtcheew ğŸ˜¡ #EndSARS #EndSarsNow [URL]",negative,negative,negative
@user @user Nwanyi ofe mmanu a dika onwelu something onyelu gii ijiri just gbaa umu ada igbo boot nke ikpeazua,negative,negative,negative
@user @user ğŸ˜‚ Nsogbu ná» n'obodo a,negative,negative,negative
"@user @user Patriotism kujie gi ukwu there, .",negative,positive,positive
@user @user @user Finally i bu onye iberibe ğŸŒš Akpaamu,negative,negative,negative
@user @user O rala ikpu nwere herpesğŸ˜¹,negative,negative,negative
@user @user @user @user @user @user @user @user @user @user @user I'tinyego onwe gi na gbariağŸ™†,negative,negative,negative
@user @user Ezigbo du oshi,negative,negative,negative
Chukwu kÃ¨rÃ¨ eligwe n'uwa bá»‹a bá»¥rá»¥ onye Ã¡. [URL],negative,positive,positive
"O ye, product of Baby factory. First of all. Nnagi bu Ekwensu. Nnegi bu onye Ara Gi nwa bu Onye Nzuzu. Idiot. [URL]",negative,negative,negative
@user @user @user Ike gá»‹ gwá»¥rá»¥ eziokwum ğŸ¤£ğŸ¤£ğŸ¤£,negative,negative,negative
@user @user @user Mad man ahu gbuo gi dia,negative,negative,negative
@user Nawa o. Nsogbu di o. ğŸ˜“,negative,negative,negative
@user As in ehh!! Nsogbu dá»‹ kwa nnem.....,negative,negative,negative
@user @user @user @user @user @user @user Ezigbo onye ara ğŸ˜­ğŸ˜­,negative,negative,negative
NEDU but ekwensu Na Edu gá»‹,negative,negative,negative
@user @user ğŸ˜‚ğŸ¤£ğŸ˜‚ğŸ¤£ Nsi gi chineke kpoo gi oku ugbua okwa isi na ma ahurogi nâ€™ anya mancha,negative,negative,negative
"Onye battery ya foduru one bar, Ã² na-agba gameğŸ˜‚ğŸ˜‚",negative,positive,negative
@user @user Ike gwá»¥rá»¥ ndá»‹ google,negative,negative,negative
"Onye m, kuo this guy ja jaaa. Kupia ya onu like this. [URL]",negative,negative,negative
Isi adiye gi mma ğŸ¤£ğŸ¤£ğŸ¤£ [URL],negative,negative,negative
Eze omuo ji POS na fuwa kwa chai!! ara agba go ndi arağŸ¤£ğŸ¤£ Onye Obodo i give it to youğŸ™Œ o mpa [URL],negative,negative,negative
@user Nna ehn ike gwuru bikonu ğŸ¤¦ğŸ¾â€â™‚ï¸,negative,negative,negative
@user @user Nna ehn. Ike guru! ğŸ˜,negative,negative,negative
@user @user @user @user @user @user @user @user @user @user @user @user ğŸ˜‚ğŸ˜‚ğŸ˜‚ Iwe Ji gi,negative,negative,negative
@user I na-enye nsogbu. ğŸ˜‚ ğŸ˜‚,negative,negative,negative
ğŸ˜‚ğŸ˜‚ğŸ˜‚ Bia ike ndi'a agwula'm...ğŸ˜‚ @user @user @user @user [URL],negative,negative,negative
NNA EHH EBE DICHA OKU!,negative,positive,positive
@user @user Onye anwuru Ihe ğŸ˜‚ğŸ˜‚,negative,negative,negative
@user So so ndi ogbe amu,negative,negative,negative
@user @user @user He still gbajie gá»‹ aka... ğŸ¤¡ğŸ¤¡,negative,negative,negative
@user @user Unu abá»¥á» rie ya bá»¥ nsá»‹.,negative,negative,negative
@user You dey run around nah. O kwa since last year o. Ike gi agwugo m Biko,negative,negative,negative
Osinoo gbakwa oku ğŸ˜¹ğŸ˜¹ğŸ˜¹ğŸ˜­ [URL],negative,negative,negative
Lmao. Kanye and his dragon energy. Onye isi nkukağŸ˜‚,negative,negative,negative
"@user Makachi, ndi mmadu n'awu m n'ala.... Mana nsogbu adiroo.... Udo, nwannaaâœŒ",negative,negative,positive
Thunder gba gi dia ewu [URL],negative,negative,negative
Patriotism gbakwa oku. ğŸ”¥ [URL],negative,negative,negative
Chukwu ka ndi ojooğŸ™ [URL],negative,positive,positive
@user @user Ndi nzuzu zuzugburu onwe ha,negative,negative,negative
@user Hian! Ikwe onu kwa? On top of hanging out? ğŸ¤¦ Hapum aka bikoğŸ˜’,negative,negative,negative
@user @user @user Idiot á» ji amá»¥ eme ogo gerrat,negative,negative,negative
"@user @user @user @user @user @user Nsogbu diğŸ˜¡ Uwa mmebiğŸ˜² Bestman na emezi onwe ya advertiseğŸ˜ o nwanyi ga nu gi, kâ€™obu gi ga nu ya? Hustle O, make wife nor marry you Umu nwanyi ibem, kâ€™anyi ghara iji desperation na oke ochicho dabanye nâ€™aka onye iberibe mâ€™obu nâ€™aka onye nzuzu! Chukwu zobe umu Ya! Ike a gwugom!ğŸ˜¢",negative,negative,negative
"@user @user @user @user @user aburo ezigbo mmadá»¥ ğŸ˜‚ğŸ˜‚ğŸ˜‚, á»¥dá»‹ casting na di egwu",negative,negative,negative
@user Ndi googulu na eme ntapi iberibe... rapu fa!,negative,negative,negative
Asin ehn... Ndi mmadu sefâ˜¹ï¸ [URL],negative,negative,negative
"@user Chief, soghachi godi m biko..hapá»¥ nwa Otedola. á»Œ dirá» any lonely biko. á»Œ na achá» onye á» ga araputa.",negative,negative,negative
@user @user @user @user á»Š chá»á» okwu gá»‹ a e bidoro taa ohh,negative,positive,negative
That i am gay. Me Onyedikachi Charles Na gay. Egwu dikwa o. [URL],negative,negative,negative
A typical case of â€œiberibe nâ€™enye onye ara moraleâ€ [URL],negative,negative,negative
@user Akwa ututu agubago gi?,negative,positive,negative
E say na sarcastically. Ndá»‹ ara [URL],negative,negative,negative
@user Odi egwu.. Just like that?,negative,negative,negative
@user Nwata na-achá» nke ya á» dá»‹ ka á» gbara ajá». Nná»á» ije.,negative,positive,negative
@user @user Ike gwuuu mmadu,negative,negative,negative
@user Hmmm nnemochie na -asi na ihe di danger!,negative,negative,positive
@user aligo gwaram ndinili obi ha tiwalu etiwa na ndi obi ha gweparaegwepa fa gide obi ha aka maka uwa ngbede kakwanunma#aligo,negative,negative,negative
Ara na-agba ha.... Ha che na obu soso ha Nwere asusu marakwa k'esi ede ya... ğŸ˜‚ ğŸ˜‚ ğŸ˜‚ [URL],negative,negative,negative
@user @user @user @user @user @user @user @user @user Isi adiro gi ma ğŸ™„ğŸ™„ğŸ™„,negative,negative,negative
@user @user Ndi ajo mmadu...,negative,negative,negative
@user Stan buo gi der. Miss Stanley onye zuzu.,negative,negative,negative
@user Ndi ara ogboete,negative,negative,negative
@user @user @user Ina achom okwu o ğŸ˜­ğŸ˜­ğŸ˜‚ğŸ˜‚,negative,negative,negative
@user @user kowaaaa gi onu there!!,negative,negative,negative
#UrbanBreakfast â˜€ï¸ w. @user x @user ğŸ¶ Obodo Bu Igwe || @user #TerrificTuesday ğŸ“»[NUM].[NUM] [URL],negative,positive,positive
For ndi chá»rá» ije á»¤taba n'agba ara o [URL],negative,negative,negative
@user @user @user Amadioha Ole mgbe oh ğŸ˜­,negative,negative,negative
Mba biko. We need to intensify our prayers. Nwoke ka anyi cho! Oburo anonymous gift! Nekwa mmadu nsogbu! [URL],negative,negative,negative
@user @user @user @user @user @user @user @user @user @user @user @user ğŸ˜‚ğŸ˜‚ğŸ˜‚ á»Œnye mmá»¥á» kÃ  á»‹bá»¥,negative,negative,negative
@user Umu azi +[NUM] jii amu eme ogo,negative,negative,positive
@user Ike gwuru nwanne m oğŸ¤¥ğŸ™„,negative,negative,negative
@user @user @user @user Mechipu á»ná»¥ ochieeğŸ˜ğŸ˜ğŸ˜,negative,negative,negative
@user Well spoken maka ndi efulefu na acho ikikere ochichi.,negative,negative,negative
Nna ogini bu nke aha?ğŸ˜€ğŸ˜€ğŸ˜€ğŸ˜€ğŸ˜€ğŸ˜ [URL],negative,negative,negative
Nsogbu di nâ€™obodo,negative,positive,negative
@user @user @user Jeff onye nzuzu ğŸ¤£ğŸ˜‚,negative,negative,negative
@user @user Ndi shepeteri Twitter na nzuzu ğŸ¤,negative,negative,negative
"@user Nwanne, odi egwu",negative,negative,negative
Egwu di oku [URL] [URL],negative,negative,negative
@user @user @user @user @user @user @user @user Igwe ndi Ncha.. Ichekwalu nno eche before igwaba ora mmadu udika ncha iji ezute Genevieve na White House gii ğŸ™„ğŸ™„ğŸ™„,negative,negative,negative
@user ğŸ˜‚ ğŸ˜‚ ğŸ˜‚ ğŸ˜‚ Umu chukwu indeed,negative,negative,negative
@user @user @user @user @user @user @user Ndi anwuruma association,negative,negative,negative
Chukwu nna bi n'eligwe. Mgbe olee ğŸ˜­ğŸ˜­ğŸ˜­ğŸ˜­ğŸ˜­ğŸ˜­ [URL],negative,positive,negative
Aga m aku gi ihe next time [URL],negative,negative,negative
Nna mehnnnnn Ike gwuru nwa mmadu.,negative,negative,negative
Iberibe na enye mmadu moraleğŸ˜‚ğŸ˜‚ğŸ˜­,negative,negative,negative
@user You did ooooo you did akwuna oku,negative,negative,negative
@user People mumu honestly... Ndá»‹ mmadá»¥ dá»‹ go dá»‹ stupid,negative,negative,negative
Okwa scope o ga e ji ara gi @user ğŸ‘€ğŸ‘€ [URL],negative,negative,negative
@user @user Ya fu gbuo gi there....,negative,negative,negative
Egbe enigwe gbagbuo gi there. Anuofia! ğŸ™„ [URL],negative,negative,negative
@user @user Ura anaghá»‹ atozi á»¥tá» kita.. Echiche ezuo mmadá»¥ ará»¥ ğŸ¤¦â€â™€ï¸ğŸ¤¦â€â™€ï¸,negative,positive,negative
"Lol. Osi na ina eme oke mkpotu, fall back ğŸ¤£ [URL]",negative,negative,negative
@user @user @user @user @user @user @user @user ğŸ˜¦ Ihe ne Eme na uwa ohhh [URL],negative,positive,negative
@user @user Na yam be your problem? Obere okwu.,negative,negative,negative
"@user Yes now, oshio nu nnukwu onye asá»‹",negative,positive,negative
@user @user Tufiakwa gi na bad luck,negative,negative,negative
@user @user Agwuru ga gbukwa ndi mmaduğŸ˜©,negative,negative,negative
@user Don't mind that ethic bigot..ndi ala ofe nmanu,negative,negative,negative
@user @user Onye ara na gba,negative,negative,negative
Negodu onye nne na nna muru...chineke kere! Tufia! [URL],negative,negative,negative
@user @user @user @user @user @user @user @user @user @user @user Ya to kwa gá»‹ na á»ná»¥ ğŸ¤£ğŸ¤£,negative,negative,negative
Lekwanu nsogbu o [URL],negative,negative,negative
"@user Your own case dey different. Ke gi obu, were omu pia gá»‹ tatata",negative,negative,negative
@user @user ğŸ¤£ ğŸ¤£ ğŸ¤£ Ya ifele emero gi na á»ná»¥?,negative,negative,negative
"@user Noro ebea ahu nwğŸ˜‚ğŸ˜‚, umu otu afuro iru gi",negative,negative,negative
@user Nna ehn.... Nke Mbaka riri m á»ná»¥. Eziokwu m,negative,positive,negative
@user Le di nwa mkpi o,negative,negative,negative
"Nna eh, nwoke a ji anyi na-egwu egwuregwu..ğŸ˜‚ğŸ˜‚ğŸ˜‚ [URL]",negative,positive,negative
@user @user Onye mgbu eriri eri.,negative,negative,negative
@user Ndi ifulu na ezigbote isi adiro fa nma,negative,negative,negative
"@user Lol, Zeal onye ara",negative,negative,negative
@user @user @user @user @user @user Ihe onyunyu egbugo umu boysğŸ¤£ğŸ¤£ğŸ¤£,negative,negative,negative
@user @user @user Sex na afu maka mgbawo obi O buru na agbawa bugho gi obi before Bia Nara liberation sex nke iga atukwasi obi gi na ya O buru na e kechiri Onwe gi maka na inweghi enyi nwoke O nodu a na Enye gi nsogbu nke ukwuu E ji liberation sex Agwo ya [URL],negative,positive,negative
This Werner na Otu walahi,negative,negative,positive
@user @user @user O ri cake... ngwa mechie onu,negative,negative,negative
Obu ego na akpari mmaduğŸ˜­ğŸ˜­ğŸ˜­,negative,negative,negative
Ezemmuo o gwuru ike. [URL],negative,negative,negative
@user @user @user @user Obi ufu ahu gbuo gi ooh,negative,negative,negative
@user @user @user @user ğŸ˜‚ğŸ˜‚ğŸ˜‚ Who is your Capâ€™n? Tufiakwa! Oburo mu na gi,negative,negative,negative
"Kene, kedu Nwanne'm ikuru gi ife Tinker kuru pan? ğŸ¤” [URL]",negative,negative,negative
"@user Nne, á»‹re gá»‹ dá»‹ ka ihe e já»‹ amá»‹ amá»¥. A ma má»¥ na á»‹ ga ma á»rá»¥ a á»há»¥ ma.",negative,positive,negative
@user @user ğŸ¤£ğŸ¤£ğŸ¤£ Nwanne ara ga gba ndá»‹ mmadá»¥,negative,negative,negative
@user @user Nekwa ka gá»‹ na Mother Mary ga enwe serious problem.,negative,negative,negative
Heeeyiii! ğŸ™†â€â™€ğŸ™†â€â™€ What is all these Chiukwuabiama? Kedu ihe mmadu mere china bikonu? ğŸ˜­ğŸ˜­ğŸ˜­ [URL],negative,negative,negative
Isi adiro gi mma lol [URL],negative,negative,negative
@user Odikwa the person no understand anumpama ğŸ˜‚ğŸ˜‚ğŸ˜‚,negative,negative,negative
Kedu Ife onye nke na ako biko nu ğŸ˜©ğŸ¤¦ğŸ½â€â™€ï¸,negative,negative,negative
@user Aghotaro m nke ağŸ˜’,negative,positive,negative
"Been awake since [NUM]am.... Then obere á»¥ra bá»‹ara ifekuru m few minutes ago, this train ewerela noise ya mepá»¥ m á»¥ra n'anya, Chineke Nna ğŸ¤¦ğŸ¾â€â™‚ï¸ğŸ¤¦ğŸ¾â€â™‚ï¸ğŸ¤¦ğŸ¾â€â™‚ï¸ Kedá»¥ á»¥dá»‹rá»‹ nkanka ihe bá»¥kwaná»¥ ihe a bikonu ğŸ¥º",negative,negative,negative
"Thunda gbagbuo gá»‹ there! E jugo m nke n'ewe m.... """""""". ğŸ˜‚ ğŸ˜‚ ğŸ˜‚ ğŸ˜‚ ğŸ˜‚ ğŸ˜‚ ğŸ˜‚ ğŸ˜‚ ğŸ˜‚ ğŸ˜‚ ğŸ˜‚ ğŸ˜‚ ğŸ˜‚ ğŸ˜‚ ğŸ˜‚ ğŸ˜‚ ğŸ˜‚ ğŸ˜‚ ğŸ˜‚ ğŸ˜‚ [URL]",negative,negative,negative
@user @user @user The guy bu ezigbote Onye Ala ğŸ™ŒğŸ™Œ,negative,negative,negative
@user @user @user @user @user @user @user @user @user @user Ndá»‹ akpa sense....,negative,negative,negative
@user @user E bia yiri onye wey intention e gwo ogwu egoğŸ˜‚,negative,positive,negative
"@user @user @user @user @user @user @user @user @user @user @user @user @user @user @user @user @user @user @user @user @user @user @user @user @user @user @user Obu Onye Ara N, ebu uzo Akpo Onye zuruoke Onye Ara ,sha onweghi Onye agworo Ara gwota ya ntamu, Ntamu ga adiruri ,",negative,negative,negative
@user @user @user @user @user @user @user @user @user @user @user Anya á»¥fá»¥ na enye ya nsogbu ğŸ¤£ğŸ¤£,negative,negative,negative
The nwa na a lacha the ike nsi kwanu? Ara di ha ncha [URL],negative,negative,negative
"@user @user @user @user @user @user @user @user @user @user @user @user @user @user @user Nne, Iwe gi adila oku, Gbagharaâ€™m nâ€™ihi nâ€™obu aka-olu ekwensu. Bet e no go bad if we tag along tomorrow",negative,negative,negative
@user @user Ihe nke a di egwu o,negative,negative,negative
"ihe a gwara gá»‹ na ihe m há»¥rá»¥ dá»‹ iche. mama, kwere ihe m na-ekwu á»¤má»¥ nwoke ole na ole na owerri Ã¡ enweghá»‹ ume [URL]",negative,negative,negative
@user @user Nke a bu ala gbagbuo gi mehn! ğŸ˜‚,negative,negative,negative
"@user Ehhhhh, Tomtom m... á»Š kpá» kwa nne m, á» wá»¥á» gá»‹ n'ala ğŸ™‚",negative,positive,positive
"Hey, thunder gbagbuo gi. Ago anu [URL]",negative,negative,negative
"@user biko kedu afa track anwa gi na Ezege feature chorus ya bu """"""""""""""""A NO M EBE M N'AGBA OGWU""""""""""""""""?? D lyrics egbugo m",negative,positive,positive
"@user @user @user Ina cho uka nwoke'm. ğŸ¤£ğŸ˜‚ğŸ¤£ğŸ˜‚. Anyi n'ekwu nnke ndi ugu, gi n'ekwu ndi wuhan.",negative,negative,negative
@user @user Hmmm ndi mmadu self.,negative,negative,negative
"Ndá»‹ ekwensu red, is it [NUM]+[NUM] or [NUM]+[NUM]? [URL]",negative,negative,negative
Chineke! Ebee ka onye nke a si daputa bikonu? Nnaa did your babe cheat? [URL],negative,negative,negative
"@user Lmao Waga G, Onye isi nkuka!",negative,negative,negative
@user Kedu ka nwanne gi nwanyi siri buru onye ojoo?,negative,positive,negative
Wahala for people like us wey no pass any oh! Onye ka m mejá»rá» Chukwu nna! Who! ğŸ˜­ğŸ˜­ğŸ˜­ğŸ˜­ [URL],negative,negative,negative
"O gini n'afio? Olisabinigwe, Nna, biko napu ekwensu ike kpam-kpam! [URL]",negative,negative,negative
@user As in eh. Ike gwuru,negative,negative,negative
@user @user See onye ara n'akpo onye ara onye ara ğŸ¤¡ğŸ¤¡ğŸ¤¡ğŸ¤¡,negative,negative,negative
"@user @user As in ehn, ndi obi akpo",negative,negative,negative
@user Unu di egwu dear,negative,negative,negative
@user @user @user ğŸ˜‚ğŸ˜‚ğŸ˜‚ğŸ˜‚ğŸ˜‚ğŸ˜‚ğŸ˜‚ğŸ˜‚ğŸ˜‚.... Anaghi eji amu ukwu emeja ikwikwi.... Mana gawa n'ihu.... Esom unu n'azu,negative,negative,negative
@user Obi adiro kwa gá»‹ mma oh,negative,negative,negative
Even #BigBrother don tire. Nsogbu sister girl nke'a dikwa too much. #BBNaija,negative,negative,negative
Kitikpa prayers gbasaa gi akwa amu gi ebeahu.. [URL],negative,negative,negative
"Onye Nwai , Onye Mpiawa Azu ğŸ¤£ğŸ˜‚ğŸ˜‚ğŸ˜‚ğŸ˜‚ğŸ˜‚ğŸ˜‚ğŸ˜‚",negative,negative,negative
@user Gbasa gi akwa amu dia ğŸ˜ğŸ˜,negative,negative,negative
@user @user Igwe okwu gi ga adaba N. Mmiri,negative,positive,positive
@user Chukwu napu ekwensu ikeğŸ˜³,negative,negative,negative
@user Guy ará»¥ adirá» gá»‹ ğŸ¤£ğŸ¤£ğŸ¤£ğŸ¤£,negative,negative,negative
@user Nnaa ehn ndi mmadu sef!!,negative,negative,negative
"@user Nna ehh, ndá»‹ mmadá»¥ na nkogheri",negative,negative,negative
@user @user ğŸ™†ğŸ½â€â™‚ï¸ğŸ™†ğŸ½â€â™‚ï¸ğŸ™†ğŸ½â€â™‚ï¸ğŸ™†ğŸ½â€â™‚ï¸ğŸ™†ğŸ½â€â™‚ï¸ğŸ™†ğŸ½â€â™‚ï¸ğŸ™†ğŸ½â€â™‚ï¸ğŸ™†ğŸ½â€â™‚ï¸ Mmadu efukwanu ooh,negative,negative,negative
Ekwensu jiri chike wÃ¨rÃ¨ gwo abacha ubochi ta,negative,positive,negative
@user @user Nsogbu dá»‹ oo,negative,negative,negative
The saying uwa di kwa egwu.,negative,negative,negative
@user Tohwagi onu. Ewu,negative,negative,negative
@user God punish u oo.. ğŸ˜œ ğŸ˜œ ğŸ˜œ Chaii á»Škpá»¥ mmadu,negative,positive,negative
@user Governor ha bu onye aÃ±uruma,negative,negative,positive
E kwuru m ya. Ndá»‹ Ã¹gwÃ¹ ga-eme Nigeria iwa ğŸ˜­ [URL],negative,negative,negative
@user ğŸ˜‚ Kedu uru nnukwu ara? [NUM]hours aka na ebughari one side. Tshew ğŸ˜•,negative,negative,negative
Onyi otu wa gi? ğŸŒš [URL],negative,negative,negative
Iberibe an'ere ahia [URL],negative,negative,negative
You don sprinkle am holy oil? ğŸ¤” Umunwanyi di kwa egwu ooo [URL],negative,negative,negative
@user Ngwa ga chupuya na office. Akpa amu,negative,negative,negative
@user That logo by the side Mmadá»¥ etinyekwana m rubbish na nri,negative,negative,negative
@user @user @user Nna biko rapulu nkita nsi. Nedu aburo mmadu.,negative,negative,negative
"@user nwa okuko nyuo ahu, ala a chuwa ya oso/",negative,negative,negative
@user Stupid and Ndi nzuzu,negative,negative,negative
@user @user @user @user @user Jos negodu.... Isi o dikwa gi mma? [URL],negative,negative,negative
Nna nsogbu dá»‹ á»... [URL],negative,negative,negative
@user Je banye onwe gi na River JordanğŸ˜‚,negative,negative,positive
"@user I don see another one oooo, man you atagbuo la onwe n'afufu oooo ğŸ˜‚ğŸ˜‚ğŸ˜‚ğŸ˜‚,gofundme kwa, uppercut. [URL]",negative,negative,negative
"@user No P, nsogbu adiro",negative,negative,negative
Person dey find how to dey popular mana Onye hu Onye nzuzu ahapu ya ka o zuzuru cha [URL],negative,negative,negative
@user @user Onye nzuzu ari ku ewu,negative,negative,negative
Azigbakwa ihe ojoo! [URL],negative,negative,negative
@user @user @user Ara gbashie kwa gá»‹ ntiğŸ™„,negative,negative,negative
Nna Nna.. Onye na acho gi okwu na-ututu a? [URL],negative,negative,negative
@user @user @user @user @user @user Sharap dia... Ifurozi mazi egwu fulum ozugbo bido rioba biko,negative,negative,negative
"@user Mu ji de, oga ga choro onye ozo Maka chukwu, I'm not letting go ğŸ˜‚ğŸ˜‚",negative,negative,positive
Ihe nkea gwuru ike. Scared i am. [URL],negative,negative,negative
"@user Barawo, Ole, Onye ori",negative,negative,positive
ğŸ˜€ğŸ˜€ğŸ˜€ğŸ˜€ğŸ˜€ğŸ˜€ğŸ˜€ğŸ˜€ğŸ˜€ğŸ˜€ğŸ˜€ğŸ˜€ğŸ˜€ğŸ˜€ğŸ˜€ Nnanyi e gae gbum mmadu oo [URL],negative,negative,negative
@user ğŸ˜‚ ğŸ˜‚ ğŸ˜‚ ğŸ˜‚ ğŸ˜‚ ğŸ˜‚ Ndá»‹ ofe mmaná»¥ ga apá»¥ta kita.,negative,negative,negative
Mechie gi onu Ewu! [URL],negative,negative,negative
@user Oge ara kana agba gi,negative,negative,negative
"All of you that reported Emeka's account.. Ahia ojo kpo kwa unu, ihu na azu....",negative,positive,negative
@user odi very very egwuğŸ˜‚ğŸ˜‚ğŸ˜‚,negative,positive,negative
"Well, oshi bu aka olu onye mpu. So stealing is an act of a corrupt person...okwa one m siri ghota ya...ndi Ichie sizi kwa na obughi ya, ekwe m. [URL]",negative,positive,negative
@user @user @user Edozie zukwaanu ike ğŸ¤£ğŸ¤£ğŸ¤£,negative,negative,negative
O. D. Egwu,negative,negative,positive
"No boo! You can not crase! """"""""""""""""@user: Ogini di sef!!! Mm' na yi ara?ğŸ˜’""""""""""""""""",negative,negative,negative
You no well. Ekwensu [URL],negative,negative,negative
@user Ya kwochapu gá»‹ á»ná»¥ dear,negative,negative,negative
@user @user @user Sá»‹ waa gá»‹ á»ná»¥ there,negative,negative,negative
@user ğŸ™ŒğŸ¾ğŸ™ŒğŸ¾ğŸ™ŒğŸ¾ğŸ™ŒğŸ¾ Iriela ala eze nkegi nâ€™ onu,negative,negative,positive
@user Mr liar is on it again . Onye ara nwuru anwu,negative,negative,negative
"Iyalaiyae [NUM]million times, Chineke kpo gi oku there...ewu Gambia [URL]",negative,negative,negative
@user AKUKO! A NA EME NKUSASI RUOMGBE EGBUSISIRI ANYI,negative,negative,positive
@user @user Aga awa agba gá»‹ ka á»há»‹ağŸ˜‚ğŸ˜‚ğŸ˜‚,negative,negative,negative
@user ğŸ˜‚ğŸ˜‚ğŸ˜‚ğŸ˜‚ğŸ˜‚ajá» ndá»¥ mehnn,negative,positive,negative
Here we go... Ndi e gbuwara isi... [URL],negative,negative,negative
Ã€lÃ  ga Agba ndá»‹ Ã lÃ  á»... Ma kÃ  chá»‹ ğŸ˜ğŸ˜,negative,positive,negative
"@user NAN adazi ewu sef. Ha zá»¥cha cou and gate, aptamil, huggies na ndá»‹ otu ha, ha ga aká»ta l'as las.",negative,negative,negative
@user Oku ala mmuo straight!,negative,negative,negative
